0,0.470455,0,0,0,0,0.430337,0,0,0.284077,0.326512,0,0,0,0.510642,0,0,0,0,0.523302,0,0,0,0.333259,0.344133,0,0,0.288853,0.236795,0,0.322914,0,0.741709,0,0.878218,0.484268,0,0.565399,0.326936,0.323044,0.324315,0.295456,0.226079,0.211258,0.462269,0.116795,0.108049,0,0,0,0.311164,0,0.71113,0.508624,0.361335,0.231563,0.23695,0.239866,0.30797,0.141605,0.13547,0.286142,0.490488,0.663942,0,0.82863,0,0.3779,0,0.54003,0.362078,0.28237,0.37889,0.203272,0.179748,0.178098,0.159538,0.13642,0.902766,0,0.59378,0,0.363388,0,0,0,0.294746,0.301547,0.27768,0.260702,0.215716,0.183953,0.668782,0,0,0.735124,0.520339,0,0,0.740659,0,1,0,0.356099,0.351166,0.286011,0.273485,0.324584,0.26005,0,0,0,0,0,0,0,0,0.617839,0,0,0,0.395789,0,0.317647,0,0,0,0.632235,0.68715,0,0,0,0,0,0,0,0,0,0.991941,0.538589,0.338627,0.47964,0,0,0,0,0,0,0,0,0,0.420661,0,0,0,0,0.388889,0,0,0
0.371213,0.532879,0,0,0,0.492388,0.521351,0,0,0.625386,0.47413,0,0,0,0.335935,0.396358,0,0.49144,0.384887,0.481594,0,0,0,0.560233,0.428238,0,0,0.391892,0.4608,0.342946,0.374914,0,0.333115,0.250866,0.328402,0.442619,0.487801,0.503176,0.455699,0.522252,0.540662,0,0,0.347351,0.233133,0.293177,0.275205,0.242307,0.220687,0.265501,0.394371,0.42002,0.321372,0.393509,0,0.441411,0.543311,0,0.398259,0.316275,0.264804,0.229164,0.178542,0.170821,0.126808,0.239568,0.441331,0.442903,0.338054,0.400076,0.530194,0.485249,0.441946,0.43601,0.277037,0.329702,0.353962,0.198619,0.126894,0.140221,0.199759,0.115282,0.582792,0.274601,0,0.452331,0.44361,0.541164,0.505386,0.421292,0.346522,0.330016,0.228478,0.221794,0.107137,0.0910219,0.18511,0.419065,0.496783,0,0.336355,0.543491,0.665805,0.572294,0,0,0,0.342307,0.398101,0.454322,0.143255,0.25154,0,0,0,0,0,0,0,0.583997,0.537503,0.700737,0.648305,0,0.176555,0.480869,0,0,0.460092,0.703097,0.335921,0,0,0.512577,0,0.66646,0.618515,0,0,0.377448,0.449973,1,0.39437,0,0,0,0,0.595229,0,0,0,0.413068,0,0,0,0,0.336431,0,0,0
0.530532,0.509513,0,0,0,0.52261,0.500362,0,0,0.406926,0.468729,0,0,0,0.547698,0.735648,0,0.574749,0.765545,0.584774,0.518429,0,0,0.455407,0.407562,0,0,0.553462,0.529492,0.611673,0.733945,0,0.648095,0.66441,0.616988,0.558523,0.52664,0.506001,0.353322,0.372765,0.329167,0.35514,0.403486,0,0.700527,0.635785,0.914518,0.719679,0.649971,0.595323,0.584662,0.591835,0.544991,0.438573,0.342622,0.247699,0.229147,0.223044,0.284895,0.463223,0.605339,0.616513,0.555622,0.620044,0.762111,0.612011,0.605608,0.690708,0.472226,0.395225,0.267102,0.215086,0.161322,0.163674,0.224767,0.366903,0.432973,0.580097,0.663873,0.722002,0.630374,0.573195,0.623797,0.526328,0.441052,0.419366,0.251217,0.220581,0.185136,0.186688,0.23253,0.3873,0.424558,0.623213,0.559948,0.639745,0.512734,0.640817,0.551587,0.548604,0.585911,0.449848,0.32377,0.268903,0.255351,0.255254,0.302244,0.366392,0.529834,0.534079,0.615038,0.646174,0,0.630824,0.629358,0.559228,0.564536,0.38171,0.392417,0.353187,0.357058,0.330454,0.481895,0.619441,0.66879,0.510664,0.607405,0.631936,0.659445,0.49171,0.605846,0.545737,0.480787,0.501309,0.426493,0.466813,0.41709,0.464803,0.478113,0.479202,0.610897,0.501518,0.628348,0.771734,0.528248,0,0,0.495587,0,0,0,0.512887,0,0,0,0,0.48411,0,0,0
0.779694,0,0,0,0,0.457179,0.622603,0,0,0.720985,0.675734,0,0,0,0.622849,0.990253,0,0.606066,0,0.854927,0.765496,0,0,0.790176,0.914528,0,0,0.774719,0.748559,0.699072,0.731887,0,0,0,0,0.618117,0,0.499706,0.584127,0,0.669134,1,0.635157,0.857705,0.817034,0.689876,0.985207,0.702664,0.376228,0.462959,0.382284,0.709008,0.2909,0.391697,0.576007,0.511025,0,0.555086,0.695077,0.596942,0.595557,0.70095,0.818239,0.559465,0.534629,0.295992,0.175208,0.340919,0.345972,0.509219,0.522383,0.51672,0.533355,0.534987,0.594356,0.633808,0.510223,0.634395,0.544906,0.576863,0.337693,0.234649,0.163543,0.201373,0.228951,0.288273,0.340695,0.407626,0.490749,0.559326,0.592617,0.683329,0.574476,0.529656,0.557173,0.512987,0.339541,0.217426,0.139075,0.143137,0.216242,0.248038,0.458739,0.579438,0.490823,0.692553,0.506908,0.689884,0.59765,0.502394,0.547345,0.428269,0,0.254894,0.194335,0.172466,0.23851,0.272647,0.420892,0.416135,0.53398,0.567695,0.655501,0.708035,0.694273,0.567387,0.535748,0.447619,0.312884,0.304755,0.22006,0.246247,0.263065,0.283248,0.340936,0.471811,0.485706,0.493826,0.498705,0.468477,0.545544,0.623959,0.646365,0.506277,0.411169,0,0,0.323884,0,0,0,0.386245,0,0,0,0,0.459326,0,0,0
0.41692,0.453507,0,0,0,0.545556,0.640881,0,0,0.752254,0.516938,0,0,0,0.568819,0.613321,0,0.588502,0.461263,0.46756,0.568943,0,0,0.509653,0.673792,0,0,0.777999,0.608337,0.622437,0.52204,0,0.269753,0.565983,0.304569,0.463433,0.376692,0.939227,0.483972,0.837423,0.762668,0.798038,0.736953,0.72859,0,0.72344,0.54585,0.536989,0.318491,0.133853,0.219984,0.249346,0.33985,0.364136,0.551164,0.495705,0.659146,0.724755,0.531283,0.684265,0.524038,0.574098,0.551986,0.567769,0.0823514,0.148208,0.160206,0.21728,0.294884,0.380054,0.477082,0.616153,0.6273,0.640969,0.683665,0,0.555322,0.541634,0.503011,0.386089,0.326229,0.240793,0.2141,0.257254,0.33167,0.370915,0.440927,0.535997,0.570472,0.573819,0.654183,0.735965,0.660619,0.53763,0.410741,0.956645,0.35414,0.361255,0.278543,0.29399,0.397433,0.415008,0.444457,0.533459,0.650496,0.711682,0.671306,0.683226,0,0.673048,0.481039,0.370396,0,0.411026,0.429044,0.390628,0.441414,0,0,0,0,0,0.642667,0.662178,0.697472,0.736292,0.520947,0.551575,0.513175,0.531658,0.469702,0.723769,0.535166,0.559273,0.664726,0.554192,0.790826,0.733505,0.71155,0.672031,0.692812,0.732296,0.670737,0.648821,0.506026,0,0,0.580842,0,0,0,0.569616,0,0,0,0,0.571518,0,0,0
0,0.587735,0,0,0,0.713336,0,0,0,0.547316,0.641616,0,0,0,0.614238,0.581928,0,0.820764,0.613723,0.433654,0.49475,0,0,0.522837,0.569485,0,0,1,0.49377,0.519427,0.385378,0,0.693525,0.680595,0,0,0.634685,0,0.394871,0.469481,0.444121,0.31083,0.607567,0.468013,0.31955,0.513505,0,0,0.526361,0.62592,0.523918,0.952834,0,0.622996,0.278744,0.275504,0.28438,0.270636,0.313767,0.354149,0.512168,0.764555,0.659604,0.676417,0.614972,0.769029,0.68124,0.629466,0.394899,0.261401,0.346537,0.231364,0.217633,0.23368,0.28239,0.293161,0.364322,0.496573,0,0.419989,0.587516,0.623671,0.585588,0.54503,0.537815,0.298203,0.212739,0.203225,0.188125,0.218603,0.222261,0.333397,0.412853,0.480886,0.503614,0.59454,0.626594,0.627129,0.594308,0.528441,0.376909,0.186434,0.212949,0.195119,0.15998,0.189555,0.227922,0.250682,0.398184,0.717832,0.487528,0.519644,0,0.56627,0.417277,0.664846,0.475073,0.52954,0.42493,0.248095,0.236541,0.258078,0.317831,0.315286,0.70729,0.496888,0.58028,0.735026,0.55448,0.479326,0.564032,0.372723,0.522356,0.581758,0.392542,0.349694,0.284095,0.288587,0.328673,0.376094,0.454763,0.495788,0.669129,0.64434,0.466174,0,0,0.515939,0,0,0,0.363259,0,0,0,0,0.463902,0,0,0
0.368555,0.30582,0,0,0,0.24736,0.255887,0,0,0.276857,0.279747,0,0,0,0.363524,0.366966,0,0.348454,0.374602,0.292973,0.24112,0,0,0.259899,0.289719,0,0,0.305297,0.314498,0.391009,0.378074,0,0.392386,0.565489,0.285984,0.265848,0.251642,0.242731,0.195505,0.195177,0.248226,0.28644,0.305819,0.34361,0.453622,0.454783,0.427057,0.444856,0.481793,0.358353,0.379132,0.289715,0.191083,0.143588,0.142404,0.145479,0.228976,0.231808,0.304763,0.301516,0.439859,0.464189,0.445974,0.537201,0.384016,0.49702,0.300879,0.375877,0.146458,0.133648,0.122026,0.156427,0.196076,0.226911,0.303909,0.287029,0.400563,0.523748,0.525839,0.560098,0.47358,0.403207,0.443168,0.270023,0.235366,0.150811,0.149027,0.177641,0.240804,0.270885,0.300454,0.334969,0.443649,0.451891,0.456105,0.297774,0.48582,0.584219,0.405094,0.505907,0.28002,0.278658,0.230973,0.202551,0.328846,0.265217,0.358868,0.425559,0.56181,0.434673,0.429678,0.538128,0,0.702612,0.568077,0.565133,0.425057,0.489958,0.239232,0.423732,0.246413,0.444706,0.31716,0.405851,0.548571,0.591529,0.56786,0.273976,0.592551,0.673649,0.632516,0.586946,0.488596,0.435681,0.509485,0.418744,0.320134,0.453383,0.482566,0.582066,0.502365,0.594874,0.567739,0.62974,0.541846,0,0,0.503451,0,0,0,0.524583,0,0,0,0,0.571825,0,0,0
0.693584,0.362742,0,0,0,0.280499,0.247787,0,0,0.208886,0.231724,0,0,0,0.266859,0.445365,0,0.257604,0.278592,0.40698,0.323796,0,0,0.240236,0.252336,0,0,0.220752,0.28975,0.24443,0.218382,0,0.487287,0,0,0.700241,0.197581,0.235382,0.237706,0.24955,0.219469,0.257936,0.234129,0.207941,0.411674,0.522883,0.404578,0.405565,0.457897,0.475282,0.220465,0.4046,0.424064,0.196326,0.21503,0.196186,0.189502,0.192327,0.199243,0.173309,0.300085,0.297394,0.308613,0.389244,0.430624,0.483395,0.181468,0.160444,0.586204,0.378419,0.217535,0.207981,0.164825,0.199706,0.199082,0.186834,0.254887,0.434478,0.0952054,0,0.443223,0.593301,0.684917,0.386427,0.349262,0.241558,0.203231,0.216636,0.229601,0.258346,0.221387,0.202177,0.262252,0.262561,0.130567,0.376311,0.513155,0.537963,0.398261,0,0.496406,0.192145,0.243305,0.264304,0.238818,0.273211,0.270243,0.308428,0.248454,0.266851,0.327729,0.197091,0,0.636297,0.514838,0.690262,0,0.450961,0.312467,0.286558,0.300072,0.283805,0,0.305856,0.27686,0.33916,0.570502,0,0.457955,0.385398,0.690668,0.41699,0.608603,0.61005,0.35533,0.333231,0.352075,0.346401,0.38253,0.481275,0.414724,0.41214,0.730586,0.583763,0.42499,0,0,0.436002,0,0,0,0.428312,0,0,0,0,0.328623,0,0,0
0.700741,0.690614,0,0,0,0.748607,0.711894,0,0,0.656882,0,0,0,0,0.801263,0.77209,0,0.788025,0.863501,0.524503,0.626603,0,0,0.448946,0.531393,0,0,0.44032,0.681297,0.658869,0.846372,0,0,0.651522,0,0.67784,0,0.38159,0.741074,0,0.52185,0.67741,0.435664,0,0.597334,0.70603,0.74066,0.764213,0.752575,0.749565,0.631485,0.471678,0.401513,0.533573,0.428678,0.322374,0.425379,0.329376,0.372477,0.50206,0.679373,0.512435,0.678262,0.680841,0.629,0.982071,0.743779,0.78737,0.449486,0.262994,0.267252,0.305258,0.301207,0.348354,0.353986,0.381129,0.647681,0.624493,0.60789,0.704611,0.81291,0.645145,0.468631,0.137963,0.402431,0.21546,0.430905,0.256704,0.258302,0.291884,0.369747,0.3184,0.53676,0.620617,0.675144,0,0.63693,0.633408,0.968706,0.756989,0.44604,0.254599,0.260332,0.26287,0.265713,0.28752,0.338738,0.334385,0.505163,0.436292,0.624844,0.786742,0,0.969317,0.672697,0.789383,0.415177,0.494237,0.386255,0.340329,0.337386,0.393203,0.605654,0.438185,0.545631,0.648937,0.689713,0.715247,0.732017,0.558193,0.538934,0.63069,0.652144,0.48007,0.36378,0.390094,0.426285,0.448087,0.41618,0.40833,0.511334,0.719636,0.497255,0.739194,0.440645,0,0,0.453512,0,0,0,0.336859,0,0,0,0,0.437934,0,0,0
0.512594,0.434681,0,0,0,0.610297,0.254974,0,0,0.292211,0.406539,0,0,0,0.557536,0,0,0.475686,0.512716,0.337795,0.250617,0,0,0.282433,0.321973,0,0,0.35723,0.570486,0.613751,0.618967,0,0.723782,0,0.552856,0.36719,0.290469,0.213207,0.21439,0.270153,0.29175,0.331548,0.53547,0.712129,0.630538,0.707947,0.93713,0.695062,0.676441,0.635941,0.378773,0.414818,0.22131,0.158256,0.184735,0.210278,0.297711,0.344435,0.472778,0.568095,0.538895,0.583294,0.625136,0.619934,0.655777,0.64736,0.624807,0.467779,0.316886,0.238404,0.210584,0.225796,0.292392,0.408573,0.488568,0.598023,0.879472,0.583327,0.690928,0.619186,0.695207,0.704591,0.551762,0.52401,0.359359,0.260881,0.303505,0.2768,0.355736,0.607113,0.489689,0.460471,0.59191,0.596768,0.571012,0.648257,0.468113,0.653427,0.625185,0.798634,0.807373,0.560197,0.312492,0.354801,0.56324,0.556666,0.554442,0.58757,0.680285,0.682282,0.761312,0,0,0.589705,1,0,0,0,0.656507,0.447187,0.504945,0.548449,0.615391,0,0,0,0.873972,0,0.655225,0.853149,0.721071,0.633761,0.521278,0.641019,0.511239,0.633273,0.533551,0.634032,0.650559,0.627651,0.772786,0.695843,0.777077,0.739269,0.944154,0,0,0.650988,0,0,0,0.64324,0,0,0,0,0.708659,0,0,0
0.412227,0.501955,0,0,0,0.690619,0.74198,0,0,0.824537,0.502156,0,0,0,0.549825,0.531158,0,0.596188,0.695735,0.912037,0,0,0,0,0.757309,0,0,0.643119,0.539064,0.495843,0.419081,0,0.572872,0.949986,0.944726,0.763764,0,0.950662,0.74207,0.822397,0.560905,0,0.405262,0.378074,0.362962,0.330558,0.470617,0.700244,0.51644,0.672767,0.683896,0.604935,0.600357,0.811011,0.83212,0.685768,0.621769,0.569188,0.277645,0.309391,0.244909,0.219275,0.300877,0.278544,0.61148,0.524251,0.963508,0.51608,0.673264,0.715662,0.551791,0.595792,0.48176,0.659609,0.47552,0.245636,0.168187,0.157902,0.296303,0,0.627872,0.550636,0.442402,0,0.798592,0.697171,0.618635,0.586259,0.612603,0.374168,0.319722,0.235658,0.140515,0.0975496,0.248256,0.403449,0.47939,0.598473,0,0.973539,0.743564,0.739598,0.573419,0.458073,0.642002,0.483408,0.379896,0.27916,0.244902,0.216817,0.328586,0.277745,0,0.529928,0,0,0,0.581809,0.826722,0.504876,0.641782,0.576223,0,0,0.302304,0.314426,0.404057,0.249714,0.754723,0.757778,0.819371,0.795298,0,0.556056,0.76584,0.615406,0.607892,0.521952,0.518876,0.427417,0.556572,0.399076,0.46269,0.529069,0.579493,0,0,0.529927,0,0,0,0.417072,0,0,0,0,0.464815,0,0,0
0.356667,0.172241,0,0,0,0.436159,0.347373,0,0,0.357124,0.453219,0,0,0,0.356289,0.363177,0,0.315968,0.307345,0.3452,0.332387,0,0,0.376194,0.394696,0,0,0.419232,0.440269,0.41404,0,0,0.443636,0,0.211306,0.215112,0.226177,0.271496,0.403698,0.351839,0.506987,0.454237,0.492712,0.823628,0.455008,0,0.457902,0,0.353127,0.366317,0.172741,0.175564,0.190248,0.204111,0.308277,0.239572,0.449095,0.411622,0.43979,0.446607,0.371099,0.498783,0.463775,0,0,0.310509,0.154728,0.153267,0.161675,0.189629,0.295614,0.304414,0.351859,0.331227,0.463201,0.466689,0.429716,0.442245,0.430818,0.424887,0,0,0.153586,0.159493,0.16718,0.18113,0.267405,0.277267,0.354054,0.436166,0.385815,0.465655,0.424578,0.451611,0.669803,0.375813,0,0.184852,0.265149,0.170609,0.21283,0.226106,0.365872,0.726828,0.371459,0,0.519615,0.517906,0.451742,0.438778,0.521642,0.372157,0,0,0,0,0.22429,0,0.270983,0.293254,0,0,0.428928,0.773147,0.555371,0,0.59443,0.405465,0,0.455593,0,0.32585,0.288091,0.260086,0.40264,0.423196,0.435506,0,0,0.527051,0.450704,0.42362,0.550321,0.508244,0,0,0,0.331502,0,0,0,0.312705,0,0,0,0,0.392673,0,0,0
0.440598,0.207857,0,0,0,0.232054,0.278782,0,0,0.252068,0.257044,0,0,0,0.232757,0.448123,0,0.368733,0.35402,0.215711,0.227485,0,0,0.272185,0.312482,0,0,0.325018,0.303681,0.264205,0.339948,0,0.686295,0.482763,0.679727,0.359198,0.254571,0.205582,0.254368,0.311707,0.314908,0.298395,0.319367,0.327973,0.73169,0.480402,0.589455,0.652472,0.604806,0.412418,0.311531,0.219586,0.500282,0.376337,0.216697,0.237265,0.268761,0.252836,0.298471,0.282201,0.462095,0.59696,0.500773,0.569097,0,0,0.603627,0.703492,0.596139,0.328822,0.276268,0.24083,0.278859,0.28712,0.295251,0,0.457029,0.499708,0.790229,0,0.518331,0.659959,0.785107,0,0.257562,0.575106,0.650385,0,0.314609,0.283307,0.358943,0.568839,0.595826,0.66075,0.50078,0.887734,0,0,0,0.664953,0.443647,0,0.640425,0,0.430904,0.465573,0,0.593445,0,0,0,0.559068,0,0,0,1,0,0,0,0,0,0,0,0.670899,0,0.464084,0,0.680001,0,0.98488,0.762865,0.833258,0.899423,0,0.641034,0.766918,0,0.790014,0,0.434619,0,0.858565,0.895643,0,0,0,0,0,0,0,0,0,0,0,0,0,0.583071,0,0,0
0.202118,0.180291,0,0,0,0.180162,0.200671,0,0,0.189774,0.188367,0,0,0,0.183368,0.202396,0,0.196244,0.247379,0.202686,0.219068,0,0,0.222029,0.251202,0,0,0.229874,0.216593,0.222925,0.220181,0,0.347273,0.270482,0.359364,0.26971,0.224128,0.2241,0.223338,0.234853,0.236824,0.241934,0.246635,0.249855,0.202025,0.297258,0.215355,0.551939,0.394195,0.245962,0.383351,0.36497,0.199377,0.189455,0.232826,0.212583,0.227505,0.225083,0.232762,0.200278,0.223051,0.395865,0.367421,0.566524,0.431463,0.426916,0.214601,0.276234,0.327492,0.246584,0.223972,0.233383,0.237135,0.243429,0.220821,0.296284,0.380549,1,0.450906,0.446553,0.191205,0.346284,0.302204,0.411295,0.305638,0.340992,0.335568,0.246468,0.265015,0.301609,0.319008,0.332222,0.408515,0,0.625081,0.427073,0.385016,0.292687,0,0.449837,0.398296,0.224441,0.355317,0.343423,0.476142,0.4366,0.293371,0.246646,0.584712,0,0,0.568006,0,0,0.675618,0,0,0,0.425227,0.970229,0,0.483766,0,0.681306,0.416068,0.48649,0.549886,0,0.573204,0.470709,0.418655,0.389999,0.647192,0.53499,0.408233,0.37536,0.320753,0.595914,0.417403,0.555853,0.369744,0.584735,0.538574,0.476647,0.452388,0,0,0.481144,0,0,0,0.529793,0,0,0,0,0.44051,0,0,0
0.44052,0.374729,0,0,0,0.309766,0.33562,0,0,0.538182,0.4157,0,0,0,0.435221,0.434601,0,0.43561,0.333744,0.312607,0.305631,0,0,0.322186,0.403807,0,0,0.628442,0.602019,0.554125,0.660879,0,0.441887,0.665202,0.347003,0.295619,0.231836,0.19878,0.269087,0.360779,0.424832,0.464595,0.514423,0.586695,0.451315,0.608154,0,0.56281,0.819679,0.39811,0.342318,0.277639,0.15656,0.131827,0.225941,0.295349,0.372662,0.406364,0.512101,0.498928,0.514865,0.605226,0.58299,0.502592,0,0.508808,0.215782,0.362785,0.066262,0.203547,0.218872,0.290331,0.320061,0.471902,0.512411,0.545973,0,0.584751,0.595818,0.481992,0.544645,0.688029,0.510084,0.299373,0.142494,0.186315,0.29219,0.272988,0.356424,0.403732,0.552695,0.392844,0.661636,0.63891,0.680756,0.555971,0.471274,0.736163,0.0316697,0,0.357459,0.366277,0.52611,0.829187,0.584437,0.521242,0.578925,0.762809,0.599137,0.621594,0,0.571398,0,0,0,0,0.46959,0,0.475896,0,0,0,0,0,0.733309,0.750363,0.606711,0,0,0.701291,0,0.741834,0.873036,1,0,0.755051,0.563549,0.744212,0.636149,0,0.721586,0.723402,0.345074,0.969374,0,0,0,0,0,0,0,0.544238,0,0,0,0,0.660387,0,0,0
0.633694,0,0,0,0,0.667536,0.505706,0,0,0,0.772692,0,0,0,0,0.741159,0,0.531448,0,0,0,0,0,0,0,0,0,0.608992,0,0,0.611416,0,0,0,0,0,0,0,0.622008,0,0.400045,0,0,0,0,0.617073,0,0.517859,0,0,0.53424,0,0,0.527226,0,0,0,0.534763,0,0.658751,0.559259,0.586827,0.361896,0,0.182653,0.387252,0,0.315828,0,0,0.249696,0.349026,0.72627,0.355651,0.370532,0,0.377135,0.490304,1,0,0.0450648,0.306538,0.00728186,0.154882,0.149579,0.187362,0.281067,0.409619,0.427314,0.419346,0.505046,0.447445,0.407323,0.241424,0.4016,0.345466,0.155978,0.148009,0.0428526,0.079684,0.117384,0.218235,0.236047,0,0.45938,0.312102,0.467522,0,0,0.297686,0.228154,0.200356,0,0.150705,0.0873918,0.119236,0.191533,0.268561,0.259031,0.298743,0.384206,0.322054,0.374229,0.671688,0,0.367977,0.342291,0.249942,0.205619,0.193617,0.175002,0.16186,0.191046,0.232492,0.267082,0.291183,0.280571,0.364138,0.442251,0.459335,0.283854,0.29782,0.385035,0.226317,0.253818,0,0,0.205513,0,0,0,0.406174,0,0,0,0,0.244459,0,0,0
0,0,0,0,0,0,0.503671,0,0,0.775409,0.8652,0,0,0,0.636882,0,0,0.895961,0,0,0,0,0,0.940932,0.852566,0,0,0.778234,0,0,0,0,0,0,0,0,0,0,0.607106,0,0,0,0,0.61905,0,0,0,0.72161,0.503017,0.565128,0.433206,0.720644,0,0.908942,0,0.570228,0.525776,0.643113,0,0.924001,0,0,0,0.498993,0.55054,0.60634,0.52455,0,0.788596,0,0.696597,0,0,0.560747,0.998703,0,0.390963,0.653841,0.440356,0,0.395084,0.465396,0.549084,0.711734,0.476386,0.578633,0.502676,0.320008,0.441134,0.535918,0.336554,0.219685,0.145976,0.483021,0.452197,0.351006,0,0.401023,0.530111,0,0.473942,0.477425,0.425762,0.328089,0.375657,0.193969,0.169557,0.122719,0.291891,0.220457,0.28121,0.341086,0,0.88579,0.462952,0.542618,0.448906,0.501624,0.406737,0.329293,0.304654,0.248948,0.156693,0.131497,0.361206,0.384544,0,0.453908,0.595418,0.609945,0.576885,0.705211,0.44273,0.361018,0.349667,0.279476,0.249251,0.194338,0.15943,0.176244,0.172645,0.29275,0.29776,0.389548,0.296351,0,0,0.269651,0,0,0,0.242384,0,0,0,0,0.193991,0,0,0
0.834184,0,0,0,0,0,0.63994,0,0,0,0.741762,0,0,0,0.507601,0.479138,0,0.970455,0,0,0,0,0,0.674187,0.362196,0,0,0,0.470043,0.484463,0,0,0,0,0.770055,0.8243,0.725404,0,0,0,0,0,0,0.252543,0,0,0,0,0.711759,0.780389,0.834633,0,0.988676,0.586091,0,0.44333,0,0,0,0.229945,0.514617,0,0.690908,0.46043,0.916059,0.654369,0.395483,0.691918,0.570724,0.611384,0.686106,0.561964,0.612493,0.463388,0.204435,0,0,0.590835,0,0,0.367428,0.658979,0.652604,0.606828,0.649371,0.45751,0.528229,0.392009,0.523097,0.369187,0.256464,0.268129,0.0872162,0.183217,0.260707,0.406854,0.343381,0.529136,0.482094,0.320531,0,0.460952,0.640832,0.54205,0.278489,0.384499,0.301593,0.16442,0.0733017,0.0495213,0.1856,0.130924,0,0.504833,0.538509,0.723856,0.63464,0.45112,0,0.542443,0.499783,0.42742,0.263642,0.225982,0.138311,0.171644,0.216011,0.278761,0.358161,0.389713,0.414841,0.517594,0.443498,0.714699,0.475685,0.383939,0.416638,0.377865,0.274545,0.255772,0.228279,0.215608,0.266773,0.301443,0.491871,0,0,0.386705,0,0,0,0.387476,0,0,0,0,0.263862,0,0,0
0.200096,0.180203,0,0,0,0.183843,0.196166,0,0,0.324234,0.207655,0,0,0,0.181723,0.216476,0,0.198791,0.178029,0.19089,0.208503,0,0,0.199373,0.267503,0,0,0.30888,0.347544,0.292971,0.30955,0,0.198722,0.201922,0.188577,0.175321,0.211787,0.20989,0.239668,0.310234,0.297652,0.395195,0.429025,0.303603,0.453772,0.490413,0.376804,0.39918,0.284308,0.164089,0.178239,0.170699,0.188726,0.193915,0.311739,0.311531,0.351255,0.322297,0.375196,0.412852,0.450164,0.467544,0.45561,0.277839,0.389461,0.299689,0.234811,0.210992,0.194453,0.293246,0.392014,0.29097,0.455394,0.45278,0.333483,0.534587,0.429641,0.523792,0.433301,0.358242,0.264599,0.300988,0.333065,0.406037,0.201029,0.350675,0.195806,0.302549,0.503658,0.42556,0.440705,0.38335,0.413422,0.463706,0.20752,0,0.458993,0,0.27535,0.316294,0.312228,0.339235,0.47493,0,0.458771,0.589718,0,0.496829,0.618831,0.517046,0.514908,0.49654,0,0.434355,0.399129,0.470211,0,0.408912,0.279714,0.407649,0.427869,0.388947,0.555554,0.785456,1,0,0.53999,0.670864,0.655065,0.540412,0.499535,0.682371,0.573475,0.62612,0.510594,0.580588,0.667514,0.451253,0.606575,0.273807,0.602811,0.616269,0.559385,0.537301,0,0,0,0.475026,0,0,0,0.713784,0,0,0,0,0.624735,0,0,0
0.46694,0.425115,0,0,0,0.584379,0.433922,0,0,0.45835,0.404516,0,0,0,0.464571,0,0,0.349543,0.414869,0.586286,0.395229,0,0,0.490287,0.386135,0,0,0.425206,0.455098,0.54073,0,0,0.479726,0.641136,0.816863,1,0.538496,0,0.473327,0.300929,0.307242,0.316047,0.386262,0.314833,0,0.348072,0.569846,0.894289,0.567096,0,0,0.34462,0.36612,0.396441,0.241328,0.217368,0.30058,0.249565,0.308646,0.457478,0,0,0.605344,0.601254,0.624683,0,0.524711,0,0.664346,0,0.17139,0.187264,0.17906,0.201214,0.260281,0.275497,0.167181,0.303288,0.605174,0.621032,0.610382,0.493631,0.411685,0.469932,0.604508,0,0.180295,0.192577,0.15966,0.192589,0.269362,0.414101,0.587351,0.512235,0.641649,0.473921,0,0.712292,0.58089,0.550568,0,0.774312,0.216514,0.201185,0.22055,0.243717,0.359334,0.432401,0,0.66701,0.724296,0,0,0.597596,0.642397,0,0,0.200708,0.586336,0.425004,0.277033,0.361878,0.392261,0.574464,0.301443,0.608846,0.538083,0.554721,0,0.437001,0,0.503372,0.452631,0.507536,0.326995,0.369193,0.358118,0.495108,0.473813,0.520045,0.43207,0.574989,0.420042,0,0.445561,0,0,0.51577,0,0,0,0.547387,0,0,0,0,0.401374,0,0,0
0,0,0,0,0,0.239842,0,0,0,0.261153,0.217935,0,0,0,0,0.366505,0,0.461713,0.336753,0,0.247762,0,0,0.240884,0.305689,0,0,0.278623,0.194415,0.223284,0,0,0,0.421375,0,0,0,0,0.322138,0.209857,0,0.19483,0.178152,0.345857,0.163445,0.330831,0,0.557858,0.386117,0,0.464627,0,0.498869,0.377174,0.205453,0.226605,0.173543,0.165099,0.131831,0.132616,0.20643,0.247553,0,0.37079,0.230442,0.405926,0,0.416926,0,0.196603,0.184411,0.191205,0.154294,0.121712,0.106918,0.118742,0.22694,0,0.0981923,0.390556,0.400998,0.352013,0.496389,0.441699,0.360507,0.208059,0.171084,0.115971,0.140981,0.113846,0.103381,0.117983,0.161417,0.144031,0,0,0.396033,0.419069,0.345271,0.525755,0.286635,0.278493,0.254179,0.221668,0.154503,0.156544,0.137704,0.142513,0.132613,0.175443,0.518859,0.446947,0,0.455886,0,0.485777,0.405081,0.411091,0,0.228521,0.234141,0.187306,0.173452,0.385567,0.161902,0.624238,0,0,0.45965,0,0.402761,0.420633,0,0.275452,0.309921,0.31496,0.312609,0.272756,0.297177,0.217738,0.432466,0.30345,0.284542,0.721303,0.538499,0,0,0.550915,0,0,0,0.477624,0,0,0,0,0.346478,0,0,0
0.489797,0.369324,0,0,0,0.500513,0.334462,0,0,0.351925,0.507886,0,0,0,0.463016,0.254133,0,0.392204,0.449992,0.414415,0.365456,0,0,0.362732,0.349288,0,0,0.413836,0.515677,0.586077,0.478652,0,0.60247,0.602422,0.52039,0.534261,0.411361,0.41891,0.332196,0.327932,0.311988,0.34325,0.328999,0.475467,0.403532,0.452568,0.752071,0.540767,0.68828,0.451776,0.382065,0.308952,0.397012,0.27597,0.327086,0.26759,0.280162,0.263531,0.306744,0.295662,0.38555,0.502861,0.438716,0.506835,0.549142,0.493716,0.299,0.316607,0.275467,0.358649,0.286143,0.260724,0.245569,0.272804,0.321047,0.361241,0.555825,0.539891,0.517406,0.764531,0.71035,0.708255,0.613279,0.317041,0.420978,0.419351,0.288502,0.341979,0.292391,0.322738,0.319434,0.346321,0.444113,0.494428,0.519407,0.56822,0.66395,0.721762,0.493703,0.628444,0.728331,0.472646,0.318057,0.361704,0.372228,0.363583,0.377487,0.45761,0.635744,0.688084,0.86865,0.369613,0,0.42802,0.641064,0.647796,0.59771,0.404614,0.415996,0.430724,0.403283,0.429339,0.442062,0.54572,0,0.714067,0.782286,0.610108,0.844989,0.834186,0.764302,0.74036,0.698682,0.663534,0.571539,0.508808,0.535207,0.693318,0.513213,0.585145,0.689545,0.619906,0.861731,0.669945,0.638843,0,0,0.648017,0,0,0,0.673139,0,0,0,0,0.606362,0,0,0
0.439503,0.410618,0,0,0,0.49184,0.532841,0,0,0,0,0,0,0,0.333588,0,0,0.441356,0.367942,0,0.313592,0,0,0,0,0,0,0.495272,0.360023,0.431571,0.528996,0,0.260331,0.245651,0.362833,0.353448,0.40291,0,0,0,0,0,0.547777,0,0,0,0,0.268073,0.171427,0.148793,0.221543,0.345044,0.418599,0.331784,0.43283,1,0.383593,0,0.344065,0.422151,0,0,0.257294,0.224892,0.108282,0.140239,0.187605,0.280282,0.224472,0.355661,0,0.417179,0.578931,0.484652,0.370084,0.367129,0,0,0.202829,0.170154,0.0474848,0.0933645,0.161131,0,0.3496,0,0.292944,0.5264,0.463795,0.384264,0.26158,0,0.357555,0.314266,0.265048,0.197554,0.0794724,0.124994,0.135743,0.13673,0.314751,0,0.389077,0.491843,0.482841,0.527481,0,0,0.41754,0.319075,0.308688,0.160186,0,0,0.190102,0.392891,0,0,0.501296,0.393138,0.595245,0.49738,0,0,0,0,0.602436,0.268305,0.331024,0.232172,0.477758,0.65893,0.322015,0,0,0,0.515094,0,0.424053,0,0.536435,0,0.663724,0.359702,0.3437,0,0,0.572911,0,0,0,0.45996,0,0,0,0,0.397528,0,0,0
0.254554,0.283658,0,0,0,0.301986,0.303899,0,0,0.285225,0.243472,0,0,0,0.24636,0.194351,0,0,0.364228,0.364463,0,0,0,0,0.37821,0,0,0.265622,0.228432,0,0.347253,0,0.321039,0.387126,0.78599,0,0.395108,0,0.389775,0.351128,0.311419,0.320789,0.198479,0.24167,0,0.160205,0.191932,0.187468,0.3029,0,0.585921,0.453291,0,0.473677,0.334744,0,0.295698,0.377327,0.185801,0.175204,0.231137,0.224475,0.135763,0.141522,0,0.187607,0,0,0,0,0.585643,0,0.306251,0.279857,0.259144,0.219998,0.180946,0.0985821,0.112027,0.251498,0.360372,0,0,0.576445,0,0,0,0,0.302102,0,0.213637,0.0728041,0.304489,0,0.0415051,0,0,0,0.610679,0.332375,0.40497,0,0.884218,0.391865,0,0,0.535036,0,0,0.255735,0,1,0,0,0,0.337221,0,0,0,0,0,0,0,0,0,0,0,0,0.837346,0,0,0,0,0,0,0,0,0.26462,0.679257,0,0.69245,0,0,0.680105,0.509648,0,0,0.40202,0,0,0,0,0,0,0,0,0,0,0,0
0.589522,0.589605,0,0,0,0.646047,0,0,0,0.566008,0.408438,0,0,0,0.609928,0.530067,0,0.662568,0.886317,0.599619,0,0,0,0,0,0,0,0,0.563689,0,0,0,0.820581,0,0,0,0.616406,0,0.553523,0,0,0,0.385028,0.475287,0,0.601057,0,0,0,0.626182,0.662599,0.738424,0.630744,0,0,0,0.842329,1,0.324251,0.251864,0.170013,0,0,0,0.536115,0.554365,0.601859,0.631052,0.521165,0.679022,0.713489,0.630661,0,0.262828,0.347319,0.273603,0.128056,0.470636,0,0,0.554929,0.397473,0.53718,0.549953,0.580843,0.569975,0.536587,0.447097,0.413401,0.223451,0.2223,0.110722,0.117431,0.298185,0,0.488446,0.724521,0.639426,0.742566,0.543149,0.593602,0.492924,0.452671,0,0.553645,0.331051,0.243682,0.132251,0.190952,0.463926,0.424755,0,0,0.502436,0.720531,0.504545,0.661405,0.646001,0.408792,0.607411,0.6605,0.288134,0.294817,0.183983,0.269892,0.481717,0,0.479088,0.512189,0.567902,0,0.633339,0.591787,0.53606,0.602242,0,0.453,0.381656,0.293236,0.294204,0.337816,0.497951,0.584097,0.415608,0.44094,0,0,0.459562,0,0,0,0.377403,0,0,0,0,0.456895,0,0,0
0.497899,0.400575,0,0,0,0.359212,0.338891,0,0,0.37266,0.343189,0,0,0,0.489185,0.524419,0,0.393425,0.574633,0.33904,0.347416,0,0,0.350909,0.337033,0,0,0.418734,0.476527,0.449659,0.593309,0,0.532782,0.63317,0.621877,0.335169,0.324172,0.287394,0.305405,0.298217,0.310497,0.323986,0.35969,0.588088,0.580714,0.493356,0.512808,0.438331,0.44301,0.476387,0.485444,0.31317,0.255183,0.237783,0.249172,0.241273,0.291611,0.280623,0.335439,0.442337,0.497558,0.495223,0.519535,0.431127,0.411433,0.329702,0.256624,0.259876,0.194928,0.226586,0.196103,0.208826,0.246219,0.261204,0.297361,0.319884,0.521592,0.871278,0.604636,0.408421,0.440322,0.270927,0.229405,0.309951,0.189778,0.204908,0.199688,0.219458,0.240353,0.251951,0.303413,0.340745,0.478212,0.450247,0.396711,0.500335,0.447767,0.41293,0.152507,0.304738,0.208953,0.22149,0.233511,0.24204,0.250256,0.27674,0.392118,0.364356,0.579934,0.296115,0.483714,0.441894,0,1,0.365929,0.438237,0.270282,0.290849,0.276576,0.284767,0.319901,0.362128,0.47216,0.624809,0.563717,0.406955,0.727378,0,0.606709,0.289134,0.324965,0.35284,0.379403,0.326196,0.352799,0.340034,0.447867,0.425317,0.461766,0.485957,0.506445,0.503995,0.539762,0.271437,0.407392,0,0,0.313346,0,0,0,0.383529,0,0,0,0,0.412522,0,0,0
0.139093,0.130056,0,0,0,0.149361,0.182247,0,0,0.204923,0.165625,0,0,0,0.161646,0.174272,0,0.151824,0.135619,0.162818,0.187948,0,0,0.237767,0.269781,0,0,0.320554,0.223236,0.186843,0.190672,0,0.22263,0.198794,0.175554,0.180763,0.259362,0.296393,0.308182,0.332887,0.268449,0.380648,0.487185,0.307389,0.398725,0.38405,0.306695,0.254636,0.28117,0.263029,0.204888,0.280358,0.303952,0.302551,0.435351,0.383503,0.45827,0.334836,0.410431,0.534863,0.456126,0.47121,0.260996,0.283228,0.209215,0.299129,0.268941,0.382439,0.297136,0.3679,0.348734,0.387447,0.370859,0.423028,0.440162,0.422097,0.457723,0.534078,0.3408,0.420526,0.421192,0.346172,0.43042,0.32114,0.327932,0.318999,0.491693,0.42751,0.523867,0.502754,0.552274,0.582098,0.427828,0.573707,0.599984,0.393966,0,0.479181,0.298411,0.542941,0.571429,0.670964,0.462889,0,0.531576,0.513037,0.521134,0.53086,0.501672,0.507435,0.433487,0.425855,0,0.685233,0.563718,0,0,0,0,0,0.513969,0.658102,0.580833,0.524906,0.544853,0.708501,0.579878,0.596594,0.617989,0.591673,0.677044,0.54818,0.539857,0.638293,0.585283,0.578176,0.573524,0.63693,0.550474,0.643498,0.588585,0.684576,0.589141,0.647982,0.525569,0,0,0.639681,0,0,0,0.657553,0,0,0,0,0.507108,0,0,0
0.295806,0.309053,0,0,0,0.287932,0.31224,0,0,0.309018,0.262556,0,0,0,0.755593,0.362207,0,0.310692,0.345289,0.344273,0.280824,0,0,0.374992,0.365139,0,0,0.443189,0.349969,0.670083,0.379875,0,0.353014,0.147733,0.43345,0.241444,0.23863,0.296409,0.289138,0.190185,0.38353,0.374218,0.388339,0.414188,0.414738,0.34295,0.439507,0.371369,0,0.694219,0.0788009,0.512291,0.245203,0.190675,0.257775,0.222919,0.32515,0.290323,0.411365,0.317885,0,0,0,0.386979,0,0.639072,0,0,0.946922,0.124285,0.177086,0.228781,0.270108,0.229486,0.375161,0.474206,0,0,0.409868,0,0,0,0,0,0,0,0,0.349205,0.259901,0.77103,0.277307,0.813875,0,0,0.776982,0.698448,0,0,0,0,0,0,0,0.473501,0.54901,0,0,0,0,0,0,0,0,0,0,0,1,0,0,0,0,0,0,0,0.51192,0,0,0,0,0,0,0,0.911391,0,0,0,0,0,0,0,0,0,0,0.719697,0,0,0,0,0,0,0,0,0,0,0,0,0,0,0,0
0,0.607933,0,0,0,0,0,0,0,0.290209,0.410022,0,0,0,0,0.461294,0,0,0,0,0.465747,0,0,0.303575,0,0,0,0.39507,0.342458,0,0,0,0.645797,0,0,0.77478,0,0.228602,0.311181,0.283749,0.285909,0.307607,0.449482,0.285279,0,0.624167,0,0,0,0,0.797538,0.374429,0.324054,0.0794351,0.22386,0.186924,0.258137,0.221982,0.242258,0.25952,0.230347,0.48143,0.58621,0,0.765937,0.818499,0.212035,0.277388,0.325836,0.382729,0.205179,0.195801,0.285538,0.226233,0.204806,0.260677,0,0.421056,0,0.582776,0,0,0.484157,0,0.513414,0.220164,0.198559,0.157679,0.184064,0.159243,0.214873,0.29669,0.200001,0.775063,0,0,0.764068,0,0,0.225203,0.215225,0,0.233192,0.218208,0.197232,0.214173,0.248981,0.123038,0,0.42842,0,0,0,0,0,0,0,1,0.480053,0.20821,0.220385,0.291014,0.729244,0.200348,0,0,0,0,0.458837,0,0,0,0.42089,0.455226,0.361609,0.33392,0.409663,0,0.364128,0,0.729621,0,0,0,0,0,0,0.440112,0,0,0,0.43569,0,0,0,0,0.522154,0,0,0
0.256879,0.220043,0,0,0,0.245795,0.253442,0,0,0.34279,0.293163,0,0,0,0.243537,0.250621,0,0.243849,0.237052,0.2657,0.389605,0,0,0.298361,0.347203,0,0,0.46255,0.295873,0.286414,0.368666,0,0,0.393431,1,0.291259,0.311577,0.311888,0.29675,0.351772,0.451725,0.358528,0.444579,0.388122,0,0.659572,0.818563,0.736502,0.482071,0.0856902,0.667394,0,0.378655,0.264355,0.317231,0.309579,0.506372,0.328536,0.594992,0.610986,0,0.567658,0.504498,0.295665,0,0,0,0.085852,0.471104,0.401832,0.310335,0.45377,0.754529,0,0,0,0,0,0.469111,0,0,0,0,0.821407,0,0.423347,0.42194,0.423747,0,0.566639,0.66529,0,0.740818,0.325779,0,0.414042,0,0,0,0,0,0.393879,0.624612,0,0,0,0,0,0,0,0,0,0,0,0,0,0,0,0,0,0,0,0.45258,0,0,0,0,0,0,0,0,0,0.983307,0,0,0,0,0,0,0,0,0,0,0,0,0,0,0,0,0,0,0,0,0,0,0,0,0,0,0
0.408356,0.387381,0,0,0,0.457169,0.391436,0,0,0.315204,0.295649,0,0,0,0.324693,0.513871,0,0.516817,0.403394,0.357914,0.425837,0,0,0.351481,0.303226,0,0,0.2856,0.301635,0.379311,0.347239,0,0.446226,0.527303,0,0,0.415399,0.389239,0.349953,0.317463,0.291621,0.275285,0.228256,0.238432,0.347321,0.529504,0.488175,0.407022,0.616485,0.320503,0.470262,0.401218,0.359755,0.300574,0.328942,0.264118,0.236482,0.199013,0.178554,0.162774,0.218567,0.272087,0.441402,0.482663,0.525083,0.441225,0.417817,0.432688,0.465915,0.410445,0.35107,0.252299,0.195481,0.166683,0.110407,0.110099,0.139426,0.366761,0.360951,0.485849,0.383,0.456315,0.45927,0.576676,0.507905,0.374518,0.268212,0.297432,0.196972,0.165844,0.103913,0.0802659,0.0733729,0.270801,0.335977,0,0,0.357756,0.454573,0.373044,0.364922,0.398937,0.800099,0.287605,0.223518,0.208642,0.126089,0.131404,0.270502,0.454235,0.391828,0,0,0.478155,0,0.431835,0.483922,0.347773,0,0.309169,0.464209,0.249498,0,0,0.50987,0,0.507751,0.493075,0.55108,0.271854,0.417653,0.55359,0.410261,0.568603,0.388784,0.362111,0.41937,0.311645,0.392852,0.231889,0.390434,0.481012,0.347656,0.417253,0.379221,0,0,0.511774,0,0,0,0.319614,0,0,0,0,0.328262,0,0,0
0.509747,0,0,0,0,0.44308,0.986791,0,0,0,0.446697,0,0,0,0.289802,0,0,0,0.565746,0.718064,0.609531,0,0,0.670731,0.679609,0,0,0,0,0,0,0,0.730224,0.684299,0,0.736183,0,0,0,0.531388,0.286282,0,0.356359,0,0.499621,0,0,0,0,0,0,0.626573,0.610245,0.586315,0,0.385855,0.287558,0.345197,0.51229,0.370113,0,0.0348366,0,0.509714,0.376604,0,0.372762,0.555136,0.338098,0,0,0.376868,0.391729,0.426538,0,0,0.310662,0.432772,0.495058,0,0.409033,0.252366,0.321891,0.424267,0.302453,0.26576,0.321781,0.340411,0.290926,0.449954,0,0,0.394598,0.353087,0.404136,0.441082,0.412965,0.401772,0.201299,0.308958,0.297018,0.387174,0.278808,0.182634,0.226321,0.226155,0.272209,0.280141,0.31636,0.0978037,0,0.224551,0,0.395172,0.406712,0.394572,0.264362,0.313191,0.26195,0.250864,0.254205,0.216641,0.210227,0.199209,0.372196,0.145078,0,0.366691,0.192342,0.352531,0.329894,0.283977,0.243653,0.253797,0.232997,0.210804,0.183799,0.173506,0.167639,0.17672,0.15846,0.213787,0.527749,0.189461,0.145509,0,0,0.183164,0,0,0,0.15889,0,0,0,0,0.142881,0,0,0
0.600882,0,0,0,0,0.831723,0.556735,0,0,0.597211,0.608601,0,0,0,0.665017,0.6015,0,0.610912,0.66757,0.507197,0.464704,0,0,0.491013,0.435247,0,0,0.71428,1,0.49347,0.663773,0,0.625466,0.599463,0.294116,0.841993,0.404617,0.323131,0.333282,0.351653,0.551405,0.733991,0.683062,0.730462,0.762841,0.777194,0.901606,0.589159,0.265735,0.407281,0.196962,0.404667,0.21804,0.227974,0.276231,0.264758,0.416791,0.715933,0.497911,0.757712,0.630865,0.562716,0.684652,0.540989,0.326207,0.426789,0.105475,0.318795,0.188403,0.228154,0.19349,0.289585,0.334395,0.462182,0.827379,0.834141,0.595827,0.821503,0.709923,0.74656,0.418812,0.567413,0.545324,0.307178,0.220888,0.234985,0.272804,0.31778,0.35403,0.5143,0.572109,0.768496,0.703445,0.931588,0.579463,0.729367,0.49575,0.375421,0.286816,0.550452,0.395495,0.303353,0.330439,0.390812,0.381283,0.56578,0.720294,0.812206,0.873712,0.668073,0.878839,0.652562,0,0.715092,0.666071,0,0.641149,0.470159,0.437047,0.428967,0.568294,0.598984,0,0.757459,0.67268,0.758685,0.948206,0,0.933551,0.601951,0.69075,0.545941,0.561893,0.456353,0.529934,0.511416,0.578013,0.53949,0.661703,0.70355,0.49205,0.845031,0.677154,0.71367,0.715676,0,0,0.524716,0,0,0,0.563642,0,0,0,0,0.757647,0,0,0
0.268581,0.389528,0,0,0,0.323472,0.28322,0,0,0.298939,0.32037,0,0,0,0.280727,0.243879,0,0.463633,0.405739,0.310966,0.399935,0,0,0.350405,0.273023,0,0,0.23017,0.226236,0.228213,0.230135,0,0,0.352286,0.53785,0.588794,0.414382,0.544396,0.377116,0.366207,0.27111,0.238647,0.159836,0.149806,0.202549,0.259386,0.438408,0.711982,0.246465,0.502373,0.462446,0.417275,0.515477,0.470123,0.391028,0.360702,0.264788,0.209158,0.147784,0.0930009,0.0781396,0.162648,0.343905,0,0.382,0.530805,0.201576,0,0.44354,0.542383,0.3644,0.347024,0.327889,0.211532,0.152691,0.11842,0.0656434,0.397676,0.246789,0.300445,0.48899,0.747755,0,0.514825,0.451206,0.381651,0.437517,0.318324,0.349198,0.242319,0.293505,0.186235,0.19865,0,0.945487,0.579781,0.697488,0.508016,0.490103,0.413751,0.810527,0.554872,0.380204,0,0,0.402333,0.236027,0.698844,0.189159,0.487776,0,0,0,0.610197,0,0,0,0.437652,0,1,0,0.719233,0.543261,0.360618,0.711082,0,0,0,0.54513,0.579045,0.458459,0.524167,0.666777,0.81356,0.575475,0.577199,0.724427,0.364437,0.339458,0.61375,0.453513,0,0.680421,0.625883,0.326748,0,0,0.624398,0,0,0,0.62454,0,0,0,0,0.394253,0,0,0
0.824777,0.478116,0,0,0,0.37034,0.273482,0,0,0.453409,0.450925,0,0,0,0.449211,0.383221,0,0,0.54993,0.630404,0.483134,0,0,0.354345,0.359472,0,0,0.495658,0.643552,0.750231,0.794741,0,0,0.743036,0.629279,0,0.379355,0.365102,0.325141,0.278478,0.342145,0.386344,0.450887,0,0.760527,0.458631,0,0.702598,0.450458,0.762255,0.237474,0.760951,0.400765,0.240541,0.292688,0.293182,0.307259,0.293766,0.322791,0.417898,0,0.699117,0.525885,0.601074,0.587197,0.633874,0.784025,0.514698,0.189283,0.368706,0.221844,0.24019,0.254206,0.25984,0.385488,0.305166,0.427929,0.35414,0.612423,0.708452,0.647209,0.83691,1,0.566571,0.409682,0.273046,0.228947,0.219652,0.228699,0.261348,0.314451,0.344753,0.306707,0.540911,0.422603,0.735098,0.683372,0.710662,0.530191,0.254353,0.491692,0.359232,0.270978,0.262681,0.274097,0.294552,0.360701,0.448369,0.581384,0.691597,0.570396,0.523564,0,0.518173,0.594353,0.485344,0.507469,0.409684,0.340588,0.332842,0.346526,0.340604,0.471623,0.365405,0.62511,0.563424,0.802481,0.874631,0.339134,0.729135,0.582521,0.47393,0.489586,0.421865,0.388059,0.389233,0.398431,0.423464,0.478046,0.428742,0.442633,0.416942,0.684361,0.533971,0.553087,0,0,0.475074,0,0,0,0.445394,0,0,0,0,0.441307,0,0,0
0.230311,0.225669,0,0,0,0.230202,0.213421,0,0,0.225059,0.199264,0,0,0,0.20203,0.208388,0,0.275352,0.262944,0.250854,0.222914,0,0,0.259422,0.253652,0,0,0.223214,0.171003,0.187181,0.229291,0,0.580399,0.375186,0.30468,0.280422,0.276891,0.265514,0.246672,0.227474,0.19904,0.221427,0.240702,0.330808,0.309476,0.645057,0.253033,0.378402,0.325507,0.311803,0.313835,0.276347,0.286044,0.244542,0.242153,0.221146,0.262739,0.180811,0.177718,0.110451,0.218102,0.402477,0.443631,0.460659,0.373802,0.450543,0.377672,0.287788,0.266583,0.260203,0.230684,0.230796,0.210637,0.367411,0.21658,0.398446,0.232672,0.696978,0.587466,0.516044,0.517379,0.489024,0,0.290738,0.344636,0.466926,0.301961,0.2577,0.209272,0.226119,0.360216,0.400057,0.294268,0.580375,0.472878,0.668242,0,0.206887,0.291781,0.345308,0.526781,0.372402,0.332596,0.218545,0.385547,0.785817,0.273527,0.158364,0.468953,0.341311,0.409785,0.654455,0,0,1,0.380393,0,0,0,0.603149,0,0,0,0.25987,0.587742,0,0,0,0.63382,0,0.797651,0.376227,0.740811,0.61467,0.493977,0.40779,0.491059,0.434669,0.593499,0.551614,0,0.597092,0,0.394072,0.388618,0,0,0.444973,0,0,0,0.394459,0,0,0,0,0.374209,0,0,0
0,0.568052,0,0,0,0,0.448812,0,0,0.538106,0,0,0,0,0.5821,0,0,0.581561,0,0.43679,0.46394,0,0,0.326946,0.674677,0,0,0,0.69871,0,0,0,0,0.655356,0,0.551807,0,0.327959,0.369546,0.338776,0.287026,0.468884,0,0,0.663583,0,0,1,0,0.759147,0.502816,0,0.271582,0.268643,0.293428,0.260982,0.255946,0,0.558277,0,0,0,0,0.708986,0.555433,0.709683,0.646785,0,0.229389,0.230337,0.245787,0.232722,0.255269,0.256533,0,0.237217,0,0.675141,0.602079,0.495068,0.467595,0.543257,0.39531,0.323709,0.232766,0.205865,0.187193,0.217541,0.222363,0.198714,0.185057,0.907545,0.441207,0.506052,0,0,0,0.493614,0.538957,0.270752,0.210888,0.223811,0.210431,0.215379,0.227443,0.263605,0.286744,0,0.209836,0.615553,0.399317,0.589572,0,0.675108,0.605966,0.243661,0.386538,0.34489,0.211054,0.428463,0.309343,0.294255,0,0,0.484244,0,0,0,0.436467,0.413633,0.417917,0.308986,0.295397,0.33404,0.297184,0.32697,0.398259,0.307789,0.109719,0.282756,0.317358,0,0,0.596515,0.295384,0,0,0.437593,0,0,0,0.477558,0,0,0,0,0.469875,0,0,0
0.316317,0.6495,0,0,0,0.167074,0.257879,0,0,0.260907,0.269936,0,0,0,0.34234,0.511188,0,0.321346,0.219272,0.278446,0.23517,0,0,0.23627,0.259775,0,0,0.239233,0.434671,0.424279,0.597546,0,0.595826,0.478259,0.41773,0.407643,0.239071,0.320068,0.189293,0.202121,0.203438,0.200142,0.360145,0.684317,0.533754,0.44503,0.500998,0,0.461487,0.59927,0.376255,0.355033,0.236371,0.189481,0.159474,0.124745,0.155043,0.146881,0.200467,0,0,0.46513,0.405558,0.508863,0.446849,0.322062,0.429807,0.478946,0.0658065,0.213951,0.144196,0.128124,0.143011,0.154721,0.295466,0.193715,0.343961,0.575491,0.413929,0.543591,0.502147,0.400698,0.389469,0.33587,0.436045,0.377919,0.185861,0.160765,0.157901,0.144899,0.256035,0.314734,0.201309,0.359168,0.545084,0.548483,0,0.639481,0.282629,0.65448,0.495966,0.170418,0.215405,0.278165,0.227008,0.356376,0.515251,0.252298,0.479045,0.371239,0,0.445278,0,0.464302,0.307891,0,0,0.564774,0.265495,0.229321,0.334973,0,0,0.488862,0,0.608302,0.492278,0.375998,0.628932,0,0.601677,0,0,0.430435,0.357264,0.383469,0.326681,0.458304,0.323448,0.534299,0.363789,0.626862,0.531428,0.522658,0.485284,0,0,0.560113,0,0,0,0.463742,0,0,0,0,0.554389,0,0,0
0.681694,0.298354,0,0,0,0,0.340333,0,0,0.274893,0,0,0,0,0.443732,0.705218,0,0.480626,0.616449,0.349099,0.820387,0,0,0,0.398246,0,0,0,0.538989,0,0,0,0.640482,0.502264,0.451779,0,0.528208,0.425434,0,0.627965,1,0,0,0,0.534239,0.564352,0.579712,0.494625,0.586359,0.53401,0.382555,0.484267,0.282011,0.317503,0.439662,0.248054,0.20944,0.410117,0.206514,0,0.366538,0.14041,0.367312,0.377621,0.399721,0.528969,0.34838,0.510933,0.268349,0.216808,0.144148,0.151035,0.170148,0.191989,0.302403,0.205917,0.225853,0.642878,0.597716,0,0.422078,0,0.4547,0.41418,0.332433,0.229349,0.137294,0.1262,0.152872,0.169659,0.240684,0.432591,0.493214,0.317917,0.401648,0.614281,0.490669,0.57729,0.382763,0.613697,0.429271,0.134033,0.166797,0.150507,0.167769,0.194065,0.238701,0.372034,0.453835,0.368436,0.680431,0.419843,0,0.48827,0.391286,0.284365,0.350377,0.279994,0.213938,0.212147,0.241106,0.215711,0.292875,0.53183,0.469284,0.560784,0.458817,0,0.614023,0.516216,0.603965,0.36669,0.252175,0.33888,0.333766,0.284593,0.284725,0.286761,0.301391,0.363259,0.370926,0.462691,0.463429,0.459601,0.364018,0,0,0.282933,0,0,0,0.361264,0,0,0,0,0.353902,0,0,0
0.587706,0.448436,0,0,0,0.416708,0.452426,0,0,0.442376,0.484845,0,0,0,0.656443,0.861398,0,0.52174,0.52443,0.510799,0.522037,0,0,0.423131,0.438858,0,0,0.592357,0.854637,0.536671,0.610659,0,0.684975,0.62231,0.57523,0.376284,0.319369,0.358941,0.343573,0.344093,0.486405,0.445215,0.578364,0.725109,0.664262,0.495125,0.757882,0.464107,0.799175,0.570011,0.409046,0.286574,0.24682,0.198237,0.250561,0.259123,0.352019,0.3169,0.447237,0.552309,0.609685,0.878647,0.637052,0.653871,0.314973,0.364863,0.337064,0.271526,0.162871,0.175269,0.188267,0.231645,0.329031,0.380558,0.533546,0.851563,0.588481,0.581299,0.402506,0.584012,0.630417,0.329506,0.261283,0.410589,0.165628,0.156373,0.192212,0.227755,0.335151,0.344763,0.507892,0.421573,0.628948,0.751513,0.644939,0.683351,0.740408,0.44482,0.587893,0.261866,0.204126,0.223567,0.245658,0.257903,0.367736,0.387021,0.418205,0.60353,0.552329,0.655487,0.610325,0.718263,0,0.837582,0,0.38947,0.621094,0.345879,0.326014,0.361938,0.388252,0.562374,0.644313,0.535821,0.852172,0,0.626055,0.621207,0.740228,0.77913,0.587428,0,0.571429,0.482266,0.446167,0.581198,0.508181,0.474858,0.613351,0.662901,0.609724,0.787789,0.466288,0.603495,0.616656,0,0,0.529666,0,0,0,0.451763,0,0,0,0,0.698011,0,0,0
0,0.652206,0,0,0,0.418353,0.352938,0,0,0.443814,0.545132,0,0,0,0,0,0,0,0,0.52554,0.364325,0,0,0.29493,0.529923,0,0,0.12826,0.42655,0,0.480859,0,0,0.63661,0.558258,0.281162,0.319687,0.269519,0.388818,0.421686,0.277446,0.292496,0.49783,0.602733,0.650373,0.470352,0.507207,0.522969,0,0.304822,0.352668,0.588923,0.259665,0.24376,0.268058,0.245466,0.279912,0.275075,0,0.598169,0,0.361112,0,0.499787,0.405463,0.596917,0.0411007,0.303107,0.218455,0.244375,0.191533,0.20186,0.246902,0.253978,0.338386,0,0.51136,0.137436,0.397535,0.583661,0.396635,0.143742,0.376553,0.312309,0.211263,0.24073,0.27432,0.282374,0.257032,0.287067,0.273043,0.384347,0.612455,0,0.515903,0.155606,0,0,0.273832,0,0.227497,0.237902,0.305727,0.344987,0.276249,0.322495,0.43793,0.355113,0,0,0,0.587579,0,0,0,0,0.349494,0.35022,0.380406,0.338886,0.341629,0.349001,0.44494,0,0,0.877016,0,0.970945,0,0.417338,0.796642,0.380772,0,0.387305,0.345748,0.34271,0.361964,0.409669,0.446328,0.539915,0,0,0.345583,0.418878,0.503061,0,0,0.308099,0,0,0,0.45326,0,0,0,0,0.549217,0,0,0
0,0.487874,0,0,0,0.405869,0,0,0,0.797237,0.630019,0,0,0,0.563322,0,0,0.450319,0.615546,0.450659,0.565412,0,0,0.601593,0,0,0,0.542155,0.515151,0,0.720588,0,0,0.779293,0.701557,0,0,0.586932,0,0.418381,0,0.483936,0.517885,0.570738,0.537562,0,0.5713,0.57647,0.552775,0.404423,1,0,0,0.457342,0.331188,0.329882,0.35807,0.467512,0.424854,0.555526,0,0.522681,0.505847,0.560026,0.378479,0.477797,0.92997,0.506,0.274601,0.27405,0.348627,0.256049,0.3509,0.464654,0.445709,0.503564,0.439455,0.514283,0.517248,0.576682,0.540151,0.500837,0.300192,0.291106,0.0890051,0.121864,0.187316,0.284352,0.394925,0.374569,0.419168,0.45935,0.472557,0.575067,0.492359,0.49292,0.455152,0.375769,0,0.267448,0.0658926,0.102493,0.167213,0.211184,0.354547,0.340858,0.473601,0.454082,0.443456,0.557995,0.548324,0.40077,0,0.47242,0.457294,0.333044,0.165743,0.181826,0.21728,0.242837,0.351005,0.409234,0,0.479401,0.597056,0.469918,0.479725,0,0.388702,0.435735,0.342449,0.341893,0.284667,0.265865,0.31271,0.314983,0.406796,0.384126,0.298704,0.497537,0.428491,0.406076,0.420398,0.448976,0.457694,0,0,0.287015,0,0,0,0.367589,0,0,0,0,0.347254,0,0,0
0,0,0,0,0,0,0,0,0,0,0,0,0,0,0,0,0,0,0,0,0,0,0,0,0.536536,0,0,0.975158,0,0,0,0,0,0,0,0,0,0,0,0.517388,0.831356,0,0,0.714707,0,0,0,0,0,0,0,0,0,0,0,0.534296,0.507493,0,0.805787,0.480396,0,0.563462,0,0,0,0,0,0,0,0,0.500718,0.336669,0,0.42681,0,0.528534,0,0,0,0,0,0,0,0,0.159232,0.221201,0,0,0,0.419261,0.625619,0,0.488963,0.518664,0,0,0,0.7518,0,0,0.149593,0.212135,0,0,0,0.455505,0.45333,0.381159,0.401003,0,0,0,0,0,0,0,0.367595,0,0.318999,0,0,0,0,0.543671,1,0,0,0,0,0,0,0,0,0.240341,0.401328,0.379592,0.405872,0,0.537567,0.5029,0.585648,0,0,0,0,0,0,0,0,0,0,0.277587,0,0,0,0,0.266222,0,0,0
0.562598,0.383617,0,0,0,0.394945,0.319956,0,0,0.428711,0.393509,0,0,0,0.422838,0.552613,0,0.399554,0.336065,0.39157,0.305506,0,0,0.325546,0.356991,0,0,0.424728,0.477664,0.420656,0.57915,0,0.591004,0.757919,0.665527,0.305262,0.27503,0.357585,0.242499,0.263648,0.276239,0.326685,0.347536,0.604126,0.400641,0.520451,0.639052,0.543764,0.37537,0.461806,0.350377,0.202689,0.231275,0.191614,0.193504,0.190762,0.260598,0.267512,0.402551,0.454247,0.493963,0.557537,0.607353,0.553056,0.622435,0.540394,0.298831,0.335984,0.197813,0.158357,0.144464,0.154637,0.210152,0.250666,0.297468,0.501665,0,0.760041,0.570769,0.638918,0.532381,0.481429,0.420002,0.25202,0.242535,0.16157,0.170878,0.181633,0.218231,0.267416,0.336007,0.453474,0.447657,0.4822,0.570806,0.712205,0.543384,0.602826,0.567963,0.525092,0.387084,0.205359,0.215395,0.22454,0.266834,0.269813,0.426663,0.349287,0.408172,0.61009,0.536651,0.542133,0,0.607277,0.672434,0.5641,0.395252,0.267258,0.329025,0.347788,0.319129,0.52352,0.551213,0.500802,0.321653,0,0.630973,0,0.630482,0.664767,0.683528,0.531493,0.494476,0.47748,0.375509,0.391023,0.444127,0.436495,0.406013,0.516022,0.601243,0.583325,0.545916,0.70028,0.432832,0,0,0.480724,0,0,0,0.459656,0,0,0,0,0.47136,0,0,0
0,0.524606,0,0,0,0.421167,0.348505,0,0,0.615914,0.312054,0,0,0,0.627297,0.511712,0,0.425593,0.57727,0.400683,0.383785,0,0,0.400111,0.610101,0,0,0.344012,0.556959,0.494107,0.707007,0,0.628738,0.762074,0.500605,0.489922,0.1551,0.468084,0.255538,0.374214,0.338753,0.334187,0.375764,0.575267,0.622873,0,1,0.983921,0.28507,0.575614,0.756635,0.66069,0.302993,0.249858,0.273848,0.242912,0.296151,0.330479,0.331229,0.320973,0.485271,0.611517,0.478466,0.710072,0.653469,0.461564,0.560049,0.336573,0.133762,0.311081,0.200904,0.208296,0.244484,0.251254,0.361861,0.254791,0.506573,0.427565,0.490033,0.369964,0.507771,0.542082,0.325995,0.285745,0.222141,0.166332,0.168094,0.176211,0.228074,0.232324,0.325277,0.355778,0.587519,0.321382,0.590026,0.418583,0,0.732164,0.329595,0.293587,0.257555,0.168883,0.159383,0.15183,0.208118,0.242494,0.276689,0.409044,0.561581,0.361846,0.599582,0.671738,0,0.462918,0,0.25977,0.371146,0.319915,0.214209,0.227923,0.274563,0.310048,0.271085,0.394592,0.480712,0.355999,0.552671,0.695777,0.459909,0.242727,0.235781,0.323865,0.354138,0.262235,0.238954,0.238522,0.268195,0.275849,0.313477,0.32788,0.365234,0.372701,0.427719,0.520272,0.43344,0,0,0.332643,0,0,0,0.31607,0,0,0,0,0.349648,0,0,0
0.29406,0.294962,0,0,0,0.328088,0.400012,0,0,0.364356,0.479087,0,0,0,0.508046,0.462982,0,0.353656,0.450571,0.357376,0.374137,0,0,0.406231,0.406041,0,0,0.474997,0.494446,0.491933,0.37994,0,0.274879,0.419094,0.53558,0.346396,0.339048,0.383981,0.322475,0.483199,0.435606,0.386179,0.662701,0.433359,0,0,0.780885,0.391535,0.359195,0.272458,0.359491,0.23672,0.306427,0.345395,0.338339,0.391806,0.340684,0.382875,0.340229,0.326616,0.31993,0.6543,0.183885,0,0.0854678,0.263793,0.1765,0.236627,0.229422,0.312947,0.278338,0.267413,0.329823,0.359193,0.288583,0.391741,0.418046,0.335625,0.341022,0,0.466478,0.807433,0.27125,0.260206,0.245119,0.25902,0.311871,0.330651,0.340617,0.326268,0.325885,0.287349,0.338261,0.173087,0.591557,0.892719,0,0.212128,0,0.254575,0.240835,0.305772,0.398565,0.336444,0.374,0.284775,0.948883,0.265269,0.410342,0,0,0.766366,0,0.603353,0.399769,0.179494,0.41311,0.418414,0.398144,0.554755,0.413172,0.416094,0,0.49679,1,0,0,0,0.348085,0.69567,0.602508,0.683221,0.423359,0.389942,0.468078,0.513261,0.387054,0.540215,0,0.495984,0.753047,0,0.334997,0.253723,0.48703,0,0,0.914091,0,0,0,0.381095,0,0,0,0,0.658405,0,0,0
0.931074,0,0,0,0,0.641071,0,0,0,0,0,0,0,0,0.604828,0.43849,0,0.578083,0,0.689613,0.702623,0,0,0.533028,0.751042,0,0,0,0.497488,0.527072,0,0,0,0,0,0,0,0,0,0.353448,0,0,0,0.361445,0,0,0,0,0,0.525882,0.502678,0.37633,0,0.482601,0.456325,0,0.262666,0.585002,0.384549,0,0.354293,0.247309,0.316956,0.507419,0,0,0.580686,0,0.648262,0.676537,0.567986,0.414501,0,0.38757,0.255802,0.263954,0.325587,1,0.287056,0,0.440622,0,0.60615,0.508413,0.546742,0.183157,0.390984,0.745947,0.377866,0.216615,0.255104,0.188733,0.221138,0.191172,0.422093,0.485646,0.181238,0.52263,0.443784,0,0.136885,0.439508,0.21749,0.296481,0.20188,0.230209,0.215829,0.207886,0.204019,0.2069,0.212596,0.32117,0,0.476714,0.17479,0.58821,0.249841,0.51857,0.273271,0.307282,0.258084,0.261869,0.235269,0.212184,0.214426,0.232875,0.232079,0.251687,0.288536,0.454933,0.30971,0.228441,0.283449,0.268125,0.257778,0.272049,0.220965,0.235062,0.236344,0.22025,0.223451,0.221233,0.207709,0.221922,0.170938,0,0,0.204968,0,0,0,0.197519,0,0,0,0,0.199971,0,0,0
0.416618,0.482565,0,0,0,0.350389,0.409407,0,0,0.353605,0.408156,0,0,0,0.394883,0.413124,0,0.474918,0.499383,0.460696,0.43168,0,0,0.37419,0.350659,0,0,0.370181,0.366984,0.424122,0.43256,0,0.552165,0.529751,0.541125,0.572462,0.553941,0.35873,0.391246,0.312869,0.295633,0.292804,0.316805,0.31292,0.430846,0.332752,0.446241,0.567173,0.537267,0.532092,0.54374,0.537481,0.407515,0.438844,0.30617,0.239322,0.248891,0.227912,0.255006,0.264408,0.361984,0.384663,0.441899,0.562707,0.574923,0.649857,0.549986,0.497811,0.509047,0.425901,0.261443,0.218247,0.199775,0.179479,0.216979,0.255913,0.29892,0.36946,0.464079,0.572445,0.644562,0.575074,0.566959,0.497998,0.542099,0.383681,0.250793,0.208611,0.213133,0.210747,0.227701,0.238136,0.357726,0.489205,0.530604,0.552002,0.583177,0.492547,0.629548,0.527039,0.704172,0.397424,0.323547,0.355575,0.237206,0.251192,0.264364,0.27783,0.407756,0.437941,0.789876,0.5486,0,0.660809,0.532675,0.696914,0.598296,0.398819,0.426222,0.33609,0.30517,0.318306,0.363064,0.342158,0.531264,0.411505,0.591151,0.680136,0.635755,0.658886,0.668554,0.607046,0.528571,0.515884,0.494009,0.421462,0.381043,0.442485,0.464034,0.416868,0.468593,0.421427,0.561463,0.5151,0.517013,0,0,0.542761,0,0,0,0.455913,0,0,0,0,0.46326,0,0,0
0.368276,0.234197,0,0,0,0.267238,0.271947,0,0,0.260248,0.235789,0,0,0,0.236285,0.25443,0,0.327623,0.343245,0.364291,0.361043,0,0,0.311433,0.284333,0,0,0.252218,0.24593,0.385075,0.234286,0,0.433197,0.70082,0.391863,0.410888,0.371662,0.373818,0.325391,0.298436,0.298911,0.250673,0.221281,0.192063,0.251509,0.325969,0.806156,0.354398,0.455185,0.280115,0.50128,0.464093,0.4554,0.327157,0.294682,0.303837,0.289143,0.233712,0.196591,0.164929,0.29762,0.14958,0.47956,0.54687,0.556949,0.604008,0.504711,0.534611,0.370847,0.382784,0.329581,0.313717,0.259579,0.256664,0.200708,0.154471,0.214938,0.577149,0.678993,0.135895,0.481005,0.430366,0.340684,0,0.467843,0.415204,0.35064,0.320631,0.279796,0.324613,0.290754,0.262093,0.84894,0.448146,0.456049,0.669254,0.713122,0.541862,0.489706,0.331216,0.465652,0.494844,0.392044,0.366836,0.437073,0.435109,0.32796,0.48587,0.454559,0,0.618576,0.671661,0,0,0,0.451599,0.456243,0.347246,0.493596,0.538423,0,0.402991,0,0.894761,0,0,0.706439,0.728777,0.78151,0.797231,0.611518,0.681242,0.725573,0.613702,0.656941,0.633528,0.508603,0,0.56137,0.483489,0.744547,0.691688,0.273661,0.788372,0.63791,0,0,0.588404,0,0,0,1,0,0,0,0,0.706988,0,0,0
0.44469,0.795745,0,0,0,0.72064,0.664744,0,0,0,0.662157,0,0,0,0.798513,0.954938,0,0.920254,0.639194,1,0.917617,0,0,0.826024,0.831856,0,0,0.543982,0.520847,0.70469,0,0,0,0.827877,0.788064,0.693864,0.574783,0.731948,0,0.594826,0,0,0,0,0,0,0,0,0.669918,0,0,0.59926,0.666481,0.879497,0.540928,0.685166,0.713027,0.604301,0.832001,0.447494,0,0,0.823386,0,0,0,0.571302,0.681679,0,0.602122,0.917957,0.672204,0.566311,0.478716,0.628537,0,0.320439,0.31615,0.245333,0,0.456018,0.466998,0.571846,0.387363,0.731732,0.720538,0.518653,0.444519,0.50519,0.416034,0.159784,0.439238,0.571904,0.0697707,0.286784,0.41217,0.34965,0,0.570867,0.67972,0.382027,0.650083,0.513656,0.485667,0.452997,0.356438,0.278057,0.265371,0.159458,0.0771992,0.125321,0.199156,0,0.442846,0.446321,0.480295,0.588771,0.647197,0.430845,0.478075,0.482394,0.437836,0.357078,0.366207,0.182199,0.146528,0.18456,0.287622,0.315131,0.352386,0.451999,0.47375,0.404724,0.505671,0.576332,0.508277,0.438811,0.40739,0.329574,0.29955,0.262039,0.243373,0.242556,0.273648,0.31262,0,0,0.35964,0,0,0,0.347911,0,0,0,0,0.311748,0,0,0
0.756198,0.567189,0,0,0,0.589686,0.484522,0,0,1,0.501961,0,0,0,0.555042,0.77903,0,0.713678,0.579387,0.552416,0.426079,0,0,0.713366,0.522302,0,0,0.527348,0,0.851497,0,0,0,0.647848,0,0.50408,0,0.454098,0.363693,0.369906,0.4019,0,0,0.743998,0.982938,0.561359,0,0.843228,0.617425,0.496631,0.743915,0,0.279224,0.252078,0.223875,0.24796,0.414735,0.521954,0.495205,0.569277,0,0,0.716118,0.609892,0.667744,0.390444,0,0.237148,0.241301,0.200905,0.181236,0.197376,0.203221,0.387908,0.755467,0.645745,0.714,0.694836,0,0.626315,0,0.489164,0.508524,0.473032,0.195107,0.192925,0.167236,0.189722,0.299061,0.346649,0.381404,0,0,0,0.447064,0.807005,0.692852,0.519866,0.300189,0.267794,0.224233,0.207101,0.187861,0.221187,0.281248,0.317326,0.339927,0.888276,0.77326,0,0.691272,0.602341,0,0.565215,0,0.468282,0.276783,0.276668,0.319921,0.309245,0.475905,0.278359,0.506641,0,0,0.754799,0,0,0.764236,0.677991,0.302516,0.495042,0.340432,0.374484,0.342588,0.413577,0.349423,0.48011,0,0.547057,0.523973,0.712514,0.511871,0.670171,0.61135,0,0,0.441597,0,0,0,0.478127,0,0,0,0,0.300536,0,0,0
0.343072,0.401559,0,0,0,0.190983,0.223115,0,0,0.23787,0.254403,0,0,0,0.230921,0.21908,0,0.32593,0.60422,0.382549,0.298256,0,0,0.24709,0.261482,0,0,0.258343,0.270379,0.250096,0.246959,0,0.532819,0.36578,0.490884,0.476635,0.252564,0.326249,0.248882,0.245332,0.261002,0.259348,0.268244,0.246905,0.278952,0.316207,0.189585,0.611022,0.472595,0.556814,0.590571,0.399061,0.342109,0.283482,0.228167,0.216103,0.202857,0.218086,0.219546,0.224747,0.20872,0.162646,0.218174,0.528053,0.409226,0.621155,0.129399,0.443715,0.33162,0.314455,0.212422,0.2147,0.214959,0.224406,0.226753,0.315065,0.255785,0.299442,0.398786,0.625036,0.503324,0.58511,0.619451,0.286498,0.276716,0.334653,0.246694,0.252452,0.243813,0.246241,0.305871,0.326818,0.394055,0.548691,0.457382,0.766701,0.629055,0.65762,0.627148,0.595042,0.528712,0.356289,0.485841,0.304499,0.282177,0.297826,0.432501,0.438201,0.244223,0.621635,0.183761,0.705301,0,0.737807,0,0,0.262435,0.260365,0.513301,0.292022,0.415811,0.26169,0.364927,0.479276,0.307642,0.853402,0.734065,0,0.658807,0.601494,0,0.627253,0.63937,0.678554,0.325748,0.528423,0.621581,0.60818,0.435818,0.388424,0.591666,0.454887,0.841603,0.512399,0.294341,0,0,0.678014,0,0,0,0.521925,0,0,0,0,0.603411,0,0,0
0.613055,0.58509,0,0,0,0.419201,0.578572,0,0,0.452348,0.288411,0,0,0,0.648389,0.440602,0,0.731352,0.594413,0.58053,0.385854,0,0,0.381544,0.446172,0,0,0.433888,0.409946,0.622836,0.658953,0,0.565736,1,0,0,0.432708,0.441171,0.36981,0.35586,0.374687,0.526739,0.886505,0.427788,0.421126,0,0.834241,0.342693,0.51023,0.447756,0.361219,0.352465,0.30862,0.359144,0.341663,0.297832,0.30067,0.262706,0.267168,0.343359,0.66495,0.888522,0.442845,0.828346,0.671989,0,0.345223,0.530687,0.317393,0.339478,0.290676,0.274834,0.255291,0.229849,0.209944,0.192602,0.541714,0.253385,0.588263,0.541173,0.402293,0.431135,0.391243,0.304718,0.326973,0.296582,0.274045,0.202752,0.240431,0.213288,0.18501,0.218415,0.374178,0.474665,0.417999,0.567973,0.321205,0.35456,0.445377,0.370723,0.274786,0.294481,0.302207,0.263639,0.304757,0.21532,0.185418,0.267514,0.718976,0.379108,0.625957,0.32581,0,0.542651,0.319975,0.34219,0.337554,0.358583,0.326519,0.382627,0.284385,0.255686,0.342228,0.352751,0.690646,0.699855,0.602857,0.586355,0.475334,0.589263,0.323312,0.36493,0.40332,0.346388,0.348664,0.32647,0.296237,0.28236,0.318567,0.349047,0.383259,0.269991,0.511394,0.677016,0.283154,0,0,0.341991,0,0,0,0.335724,0,0,0,0,0.390167,0,0,0
0.648373,0.314504,0,0,0,0.455824,0.540071,0,0,0,0.422303,0,0,0,0.509617,0.553116,0,0.633781,0.574568,0.897108,0.645861,0,0,0.503266,0.564812,0,0,0.419832,0.494358,0.528208,0.497082,0,0,0.685834,0,0.669259,0.70459,0.54981,0.509451,0.371564,0.366522,0.319962,0.284924,0.284007,0.494143,0.497154,0.932705,0.795161,0.540834,0,0.777069,0.622761,0.694044,0.568756,0.724737,0.350609,0.306444,0.266951,0.198425,0.184533,0.296857,0.400873,0.369743,0.721056,0.639179,0.751568,0.521864,0.690295,0.732996,0.561428,0.331637,0.353196,0.307106,0.261223,0.162889,0.152407,0.0868871,0.127413,0.494856,0.549427,0.526277,0.661718,0.614539,0.761017,0.587081,0.647109,0.438849,0.374155,0.328249,0.27012,0.195706,0.171214,0.269101,0.645149,0.337579,0.496799,0.732148,0.627072,0,0.570046,0.643337,0.49034,0.553064,0.404314,0.356818,0.333272,0.276701,0.222494,0.429561,0.645892,0.383012,0.571916,0,0,0.662657,0,0.668041,0.589365,0.778204,0.626087,0.443744,0.385042,0.414647,0.45279,0.846322,0.742973,0.532411,0.487903,0.692827,0.754244,0.643491,0.609153,0.609522,0.58988,0.524444,0.515161,0.479301,0.458914,0.495477,0.493958,0.559398,0.508435,0.730029,0.705687,0.667332,0,0,0.689155,0,0,0,0.520029,0,0,0,0,0.432132,0,0,0
0.446252,0.224462,0,0,0,0.427568,0.346617,0,0,0.548059,0.392093,0,0,0,0.550728,0.451201,0,0.870246,0.367508,0.406148,0.336154,0,0,0.381155,0.410663,0,0,0.506246,0.490061,0.462668,0.646542,0,0.716443,0,0.569341,0.466254,0.285788,0.300681,0.282361,0.311914,0.294459,0.289917,0.439366,0.382711,0.59697,0.50629,0.525987,0,0.654589,0.795489,0.617081,0.327729,0.286992,0.247793,0.203754,0.200328,0.252102,0.281838,0.404212,0.230229,0.793644,0.679862,0,0.64663,0.585862,0.712149,0.176847,0.731875,0.182975,0.170516,0.151088,0.17278,0.225384,0.241245,0.426395,0.346726,0.695525,0.447849,0.681762,0.571162,0.735771,0,0.649488,0.483905,0.235129,0.189312,0.194783,0.208031,0.240876,0.337731,0.353426,0.339085,0.646515,0.402088,0.627504,0.632514,0.651503,0.394615,0.502816,0.395056,0.294248,0.278385,0.238062,0.265842,0.286978,0.280504,0.450801,0.532864,0.396008,0.692773,0.679127,0.568268,0,0,0.521143,0,0.685046,0.301856,0.356849,0.345634,0.390952,0.348359,0.445379,0.662916,0.792769,0.713039,0.838945,0,0.72544,0.563589,0.554473,1,0.955674,0.399039,0.488976,0.447915,0.41191,0.494162,0.444423,0.758614,0.634074,0,0.706804,0.707231,0.571053,0,0,0.588452,0,0,0,0.553055,0,0,0,0,0.665765,0,0,0
0.386654,0,0,0,0,0.294605,0.577216,0,0,0.444683,0,0,0,0,0.479528,0.490158,0,0,0.308733,0,0.238141,0,0,0,0.50083,0,0,0.617034,0,0.488092,0.482846,0,0.256456,0,0.209534,0.29786,0.253169,0.436423,0,0.534798,0.547599,0.469777,0.628864,0.674316,0.553427,0.454025,0,0,0.163062,0,0.210836,0.19387,0.121817,0.354266,0.414129,0,0,0.615788,0.461501,0,0,0.56102,0.439166,0.217337,0.880157,0,0.141496,0.0971195,0.228767,0.242306,0.378099,0.479597,0,0,0,0,0.528554,0.468622,0,0.308274,0.272445,0.279457,0.0582045,0.0393176,0.192798,0.194687,0.334594,0.361909,0.445522,0,0.602001,0,0.982431,0.47354,0.36659,0.243277,0.227155,0.231074,0.194819,0.179237,0.223283,0.137498,0.657373,0.351279,0.367704,0.805707,0.58199,0,0.445058,0.451642,0.431313,0.353961,0,0.587517,0.263865,0.276831,0,0,0,0.512958,0,0.592347,0.52912,0,0,0,0,0.271495,0.411075,0,0.451462,0.475703,0.399651,0.397332,0.356048,0,0.419278,0,0,0,0,0.947586,0.565789,0.425112,0.488245,0,0,0.388821,0,0,0,0,0,0,0,0,1,0,0,0
0.378679,0,0,0,0,0.46097,0,0,0,0,0.491929,0,0,0,0,0,0,0.528223,0.472982,0.453005,0.377614,0,0,0,0,0,0,0,0,0,0,0,0.27056,0,0,0,0.703085,0.440172,0,0,0,0,0,0,0,0,0,0,0,0,0.241633,0,0.200291,0,0.394337,0,0,0.741134,0,0,0,0,0,0,0,0.111905,0.283839,0.891552,0,0,0,0.48906,0.66806,0,0,0,0,0,0,0.270309,0.0877331,0.0659672,0.15427,0,0.356033,0.33524,0,0,0,0.608865,0.348339,0,0,0.329523,0.241259,0,0.118173,0.0297562,0.0931732,0.277356,0.366623,0,0.428985,0,0.607999,0,0,0,0,0,0.596298,0.255128,0,0.228161,0.160318,0,0,0,0,0,0,0,0,0,0,0.372118,0,0,0,0.348688,0.172665,0,0.30405,0,0.369606,0.503674,0.519452,0,0,0,0,0,0.570351,0,0,0,0,0.238137,0,0,0,0,0,0,0,0,0.451468,0,0,0
0,0.686021,0,0,0,0,0,0,0,0.601217,0.554945,0,0,0,0.625164,0.73627,0,0.778536,0,0.766321,0,0,0,0,0.736171,0,0,0.686226,0,0,0,0,0.69797,0,0.918201,1,0,0.695302,0.382362,0,0,0.748443,0.975155,0,0,0,0.887302,0.762159,0.74659,0,0.636142,0.553267,0,0.375483,0.577134,0.272251,0,0.327583,0.463256,0.0257476,0.843066,0.839053,0.873789,0,0.627499,0.704655,0.541366,0,0.75931,0.422889,0.333961,0.298802,0.400853,0.619562,0.272795,0,0.412617,0.155969,0.745507,0.229843,0.52134,0.51059,0.377411,0.502593,0.368487,0.375831,0.346014,0.32026,0.396556,0.279425,0.23382,0.329479,0.436022,0.279383,0.631501,0.758986,0.654136,0.879002,0.438743,0.402486,0.437883,0.35974,0.311079,0.300867,0.286027,0.335452,0.293035,0.217143,0.536447,0.471238,0.439287,0.523536,0,0.662962,0.374489,0.69706,0.37969,0.376593,0.34373,0.350661,0.314481,0.312222,0.34714,0.282756,0.524904,0.627547,0.700623,0.465523,0.397608,0.454428,0.485766,0.408108,0.387343,0.387381,0.335623,0.302469,0.339817,0.333838,0.340739,0.348614,0.326211,0.378528,0.387093,0.411481,0.362009,0,0,0.345316,0,0,0,0.32712,0,0,0,0,0.311771,0,0,0
0.330431,0.307685,0,0,0,0.38169,0.230266,0,0,0.374429,0.366909,0,0,0,0,0.265197,0,0.253535,0.378951,0.574566,0.273813,0,0,0,0.254243,0,0,0.343447,0,0.305826,0.278248,0,0.541716,0,0.382562,0,0.473406,0.471774,0,0,0.279813,0.237451,0.256014,0.249452,0,0,0,0,0.29768,0.357221,0.477163,0.502368,0.355773,0.347892,0.3309,0.509784,0.230646,0.237468,0.14144,0.137209,0.200753,0.164419,0,1,0,0.53374,0.615216,0.640294,0.28996,0.281343,0.477912,0.321922,0.217342,0.166263,0.110397,0.120163,0.0974596,0.267788,0.263108,0.524232,0.398985,0,0.524044,0,0.356436,0,0.230707,0.35328,0.260497,0.189668,0.149527,0.141642,0.219224,0,0.25457,0.16558,0,0,0.281096,0.273288,0.477776,0.411225,0.274256,0.328941,0.370214,0.282406,0.215243,0.227845,0.328549,0.5991,0.763421,0.181492,0,0.392962,0,0,0,0,0.400884,0,0,0,0.215414,0.379197,0,0.835178,0,0,0.373149,0.725306,0.34612,0,0,0.471959,0.604084,0.34776,0.407438,0.532151,0.405755,0.382419,0.484391,0.768396,0.47618,0.661582,0,0,0,0.430648,0,0,0,0.476695,0,0,0,0,0.607458,0,0,0
0.561904,0.438181,0,0,0,0.440482,0.396936,0,0,0.359816,0.373966,0,0,0,0.525751,0,0,0.52838,0.651475,0.505192,0.425995,0,0,0.410546,0.333868,0,0,0.364254,0.397569,0.593401,0,0,0.580736,0.68793,0.876948,0.507314,0.584072,0.537405,0.374276,0.344745,0.298225,0.392726,0.296459,0.294958,0.222986,0.387056,0,0.797496,0.522878,0.714627,0.538391,0.643495,0,0.244626,0.339798,0.261497,0.239849,0.202213,0.213096,0.241446,0.550058,0,0.813626,0.65406,0.916706,0.500459,0.650871,0.62486,0,0.596226,0.317019,0.243733,0.195199,0.157564,0.17394,0.197103,0.225415,0.488611,0.565686,0.377163,0.611356,0,0.673947,0,0.638377,0.461058,0.292272,0.211533,0.189371,0.181622,0.171981,0.208599,0.389522,0.360381,0.582255,0.378117,0,0.574875,0,0.423003,0.29501,0,0.254042,0,0.247471,0.274318,0.366924,0.183114,0.392455,0.444738,0.564797,0.864255,0,0,0.688233,0,0.646576,0,0.451028,0.528756,0.236847,0,0.248046,0,0.830952,0,0.379834,0,0.650546,0.854529,0.633087,0.750998,0.72864,0.532653,0,0,0.574686,0.803085,0,1,0.348783,0.998194,0,0.733207,0.717137,0,0,0.43954,0,0,0,0,0,0,0,0,0.4349,0,0,0
