0.0156034,0.00955158,0,0,0,0.0208683,0,0,0,0.0198904,0,0,0,0,0,0,0,0,0.025728,0.016658,0.00322278,0,0,0,0,0,0,0.0208319,0.00469585,0,0,0,0,0,0.0945058,0,0.060122,0,0,0,0,0,0.182387,0.167675,0.0191172,0.0325067,0.0169164,0,0.0172453,0,0.0156129,0,0.0483133,0.01121,0.0086878,0,0.0149061,0.802422,0.188747,0.308856,0.241733,0.116181,0.0183335,0.0361311,0.0101205,0.014552,0,0,0,0.0376948,0,0.0142828,0.479617,0.196124,0.086487,0.110619,0.506556,0.387363,0.161501,0.0217941,0.0132535,0,0.0131832,0.0322168,0.0562736,0.0114815,0.0595042,0.043892,0.724899,0.0191266,0.0439668,0.0353714,0.185809,1,0.73133,0.0675405,0.0266648,0,0.0188731,0.00386422,0.0517428,0.0135466,0.0148011,0.0480777,0.423113,0.0324978,0.0518426,0.0911398,0.0824459,0.901905,0.0509811,0.0354961,0,0.00927487,0.00933965,0.00285856,0,0.0231528,0.00154469,0.0215276,0.189465,0.167747,0.00266967,0.0531487,0.157062,0.0610849,0,0.012613,0.00411039,0.0160214,0.0375337,0.043203,0.0210715,0.0587146,0.0197922,0.0158623,0.0841821,0.410603,0.661239,0.881757,0.147569,0.10411,0.130712,0.0456332,0.0144265,0,0,0.0125651,0,0,0,0.0148503,0,0,0,0,0.0431197,0,0,0
0.00353057,0.0131806,0,0,0,0.00094575,0.0532248,0,0,0.0420042,0.0178367,0,0,0,0.00128943,0,0,0.00625947,0.0139337,0.00518087,0.0218107,0,0,0.0152814,0.0318576,0,0,0.0136309,0.0113904,0.00301054,0,0,0,0,0,0.00733028,0.00609854,0.00413618,0.0106967,0.0843242,0.203072,0.20078,0.0899753,0,0.00259164,0.00423526,0,0.0128219,0,0.0112533,0.00524212,0.00507154,0,0.0147302,0.0247229,0.391248,0.22994,0.407029,0.257582,0.00573871,0.000247189,0,0.0196626,0.00752777,0.0200441,0,0,0.0059886,0,0.0154857,0.00696832,1,0.208236,0.158721,0.643493,0.00885945,0.0184623,0.00950562,0.0158437,0.0102694,0.0170998,0.00317452,0.0269278,0.00401273,0.0216766,0.00687139,0.0361887,0.674908,0.504917,0.382351,0.511716,0.0331208,0.0261223,0.00751646,0.0135713,0.0181264,0.000545005,0,0.00554249,0.00835346,0.0127098,0.00861175,0.0112957,0.0902212,0.73889,0.686433,0.0846153,0.119765,0,0.0295348,0.00207763,0.0103397,0,0.0144692,0.00250343,0.00681416,0.00603726,0.00206486,0,0.0103443,0.022084,0.0531578,0.0062395,0.0425725,0.00249507,0.00829676,0.0006774,0,0.0132984,0.00371709,0.0010592,0.00660625,0.0111851,0.0207693,0.0142075,0.00973238,0.0183182,0.0180225,0.0045589,0.0174217,0.0144117,0.0127017,0.00504511,0.00813695,0.028612,0,0,0.00704201,0,0,0,0.0292476,0,0,0,0,0.0111145,0,0,0
0.00432375,0.00407227,0,0,0,0.00514368,0.00715085,0,0,0.00707293,0.00527574,0,0,0,0.00403845,0.00778248,0,0.00413347,0.00309976,0.00311908,0.00237482,0,0,0.00735404,0.00765409,0,0,0.00597598,0.00708013,0.00599766,0.00559073,0,0.00332943,0.000832878,0,0.00129692,0.00246313,0.0049168,0.00340108,0.0137179,0.0275598,0.0188511,0.00875132,0.00568796,0.00330379,0.00288452,0.00147809,0.00319004,0.00790693,0.00333527,0.00494765,0.00122096,0.00161449,0.00542171,0.0219006,0.0480553,0.0674444,0.0748187,0.0394124,0.0186852,0.00666577,0.00320143,0.00254878,0.00344405,0.00549225,0.00424926,0.00306933,0.00105052,0.00317098,0.00761913,0.0446254,0.192009,0.366058,0.257578,0.0651486,0.0197218,0.00500968,0.00301624,0.00580641,0.000768422,0.0101509,0.00513829,0.00369828,0.00348528,0.00609565,0.00943842,0.104055,0.223645,1,0.227719,0.0777836,0.0272,0.0107153,0.00691284,0.00595066,0.00686878,0.00639674,0.00390876,0.0031697,0.00390354,0.00202518,0.00579641,0.038534,0.0911576,0.132001,0.08992,0.0442684,0.0114175,0.0101204,0.00867392,0.00828127,0.00610145,0,0.00127245,0.00282531,0.00214939,0.00335579,0.00370532,0.00322713,0.0196454,0.0309459,0.030367,0.0117091,0.00301323,0.00799525,0.00443964,0.00287068,0.00325966,0.0014302,0.00315247,0.00407974,0.00334629,0.00725602,0.00851177,0.00829195,0.0111996,0.0141958,0.016012,0.0148917,0.00588412,0.00787918,0.0074557,0.00549598,0.00478437,0.00404772,0,0,0.00850103,0,0,0,0.00765979,0,0,0,0,0.0127551,0,0,0
0.541999,0.756341,0,0,0,0.922857,1,0,0,0.766098,0.873945,0,0,0,0.804147,0.558059,0,0.299519,0.539667,0.45169,0.48651,0,0,0.542387,0.584356,0,0,0.413815,0.570584,0.554753,0.178157,0,0.0383952,0.0484623,0.0915514,0.107514,0.438602,0.357307,0.435698,0.339011,0.50638,0.547762,0.179138,0.139527,0.0486523,0.0448516,0.0409864,0.0388753,0.0400075,0.0565701,0.0878932,0.0949645,0.180326,0.380226,0.431542,0.533483,0.425456,0.317028,0.139929,0.0573599,0.0613951,0.0535875,0.0534381,0.0765751,0.0177559,0.0245114,0.0558428,0.0605535,0.076168,0.0719198,0.169686,0.26485,0.103968,0.0940178,0.0575679,0.0396678,0.0423273,0.0357877,0.050837,0.0327479,0.0190864,0.0199349,0.0318896,0.0418554,0.0444257,0.0340563,0.0454295,0.0459066,0.0441267,0.0433116,0.0371756,0.0228082,0.0403607,0.0359244,0.0283478,0.0219925,0.0120226,0.0137076,0.0150431,0.02026,0.0159637,0.0217081,0.0111387,0.0186006,0.0227083,0.0220556,0.0173379,0.0144422,0.020965,0.0252294,0.00749423,0.0153044,0,0.0029156,0.00842882,0.00676473,0.00889032,0.0086003,0.00708464,0.0138556,0.0110001,0.0103584,0.00871568,0.000814396,0.0228569,0.00636045,0.0154927,0.00272085,0.0138032,0.0179744,0.0204779,0.0297101,0.0227973,0.0196941,0.0245554,0.0203825,0.0218337,0.0175594,0.0213081,0.0179441,0.0164121,0.0164222,0.0234511,0.0183113,0.025102,0,0,0.0252966,0,0,0,0.0184399,0,0,0,0,0.0260087,0,0,0
0,0.0718576,0,0,0,0,0.0202793,0,0,0.0239305,0.0153632,0,0,0,0.0670931,0.0629862,0,0,0.0281269,0.0347362,0.0211127,0,0,0.186924,0.0808498,0,0,0.00600059,0,0.0208508,0,0,0,0,0.00275801,0,0.00880961,0.293784,0.373009,0.21279,0.0885098,0.0296297,0.0538048,0.0211386,0,0,0.0461655,0,0.135882,0,0.107582,0.0911273,0.469294,0.320067,0.181076,0.547418,0.581156,0.284401,0.118816,0.01264,0,0,0.0174966,0.0153772,0.0455047,0.00377251,0.123247,0.0402641,0.118724,0.163007,0.350466,0.22453,0.179584,0.600567,0.200928,0.0576047,0,0,0,0,0,0.0251221,0.149481,0.0755873,0.369626,0.257977,0.20017,0.253068,0.101408,0.30721,1,0.0942806,0.0301248,0.0280114,0.0465409,0.00390636,0.070749,0,0,0.103323,0.224699,0.276001,0.128462,0.0859726,0.0952584,0.516106,0.0397879,0.13468,0.0522965,0.0354753,0.0418444,0.0236355,0,0.00558266,0.0296686,0.00382484,0.0946994,0.12713,0.0970383,0.105697,0.0803144,0.214947,0.16619,0.0335493,0.0234265,0,0,0.0122869,0.0945182,0.0422808,0.0182274,0.0922962,0.154907,0.515464,0.121887,0.289048,0.452123,0.125321,0.278112,0.160903,0.012677,0.112356,0.0212502,0,0.168445,0,0,0.0201062,0,0,0,0.337052,0,0,0,0,0.0314476,0,0,0
0.00409798,0.00538817,0,0,0,0.00808803,0.00691122,0,0,0.01585,0.00218748,0,0,0,0.00170666,0.00181377,0,0.00340135,0.000839,0.00266228,0.00849506,0,0,0.00314167,0.00617614,0,0,0.00412072,0.00345998,0.00641562,0.00176072,0,0.00383071,0.00269391,0,0.0018958,0,0.00227015,0.00915294,0.00560636,0.0105066,0,0,0.00162022,0.00298539,0.00742219,0.00696407,0,0.00296557,0.00613988,0.00191135,0.00797811,0.00215178,0.0108894,0.00692553,0.0313949,0.0107774,0.00891153,0.00188462,0.00989677,0.002251,0.00390974,0.00411475,0.00427151,0.0106379,0.00264194,0.00522955,0.00380785,0.0172025,0.0114696,0.218122,0.509369,0.202131,0.0739506,0.0261407,0.00550634,0.0116897,0.00249678,0.00708483,0.00979257,0.00877547,0.00455294,0.0318626,0.0027308,0.0242897,0.0568414,0.957825,1,0.970486,0.157056,0.0345324,0.0161776,0.00698096,0.00862812,0.0140796,0.00424659,0.0227724,0.00545926,0.00345045,0.0125337,0.0149046,0.0467512,0.443708,0.424386,0.549248,0.149871,0.0460255,0.016809,0.00571243,0.00648101,0.00161828,0,0,0.00197036,0.00950496,0.000956961,0.00725203,0.032031,0.229421,0.171131,0.20066,0.0497187,0.00234521,0,0.00479363,0.000489426,0,0.00219516,0.0139561,0.00442466,0.0081767,0.0173437,0.0310643,0.0188175,0.0656802,0.109149,0.107928,0.0398554,0.0323996,0.0038765,0.00586088,0.00320106,0.00370693,0.0145874,0.00572098,0,0,0.0195446,0,0,0,0.0312485,0,0,0,0,0.0147029,0,0,0
0.00378743,0.00779341,0,0,0,0.0051475,0.00812599,0,0,0.0130222,0.0495529,0,0,0,0.00669569,0.0217857,0,0.00459175,0,0.00739141,0.00447809,0,0,0.0189402,0.0616673,0,0,0.0129981,0.00779362,0.010607,0.00598389,0,0,0,0.0041427,0.00439493,0.00505016,0.0770911,0.00329228,0.0315533,0.136984,0.170384,0.010278,0.00989051,0.0175906,0,0.0125536,0,0.0161567,0.00245533,0.0168275,0.014208,0,0.0123401,0.0293858,0.101316,0.0826779,0.100429,0.107417,0,0.0192964,0.0157642,0.017959,0.0237681,0.00638076,0,0.00883671,0.0134184,0.00605469,0.0392778,0.122267,0.151387,0.181414,0.265683,0.150566,0.230328,0.0207152,0,0.0116441,0,0.0163184,0,0.0159336,0.0051746,0.00808677,0.0156889,0.160581,0.233691,0.355703,0.286565,1,0.343736,0.397704,0.0154817,0.00998164,0,0.020439,0.00665095,0.0133119,0.00271418,0.0131685,0.0160068,0.120754,0.102079,0.154108,0.296739,0.537946,0.316136,0.202769,0.103418,0.0192225,0.0133257,0,0.01249,0.00295586,0,0.0126447,0.00675088,0.0824595,0.0514244,0.136565,0.17362,0.015046,0.113649,0.0264766,0.0283122,0.00764679,0.00945642,0,0.0195936,0.00703045,0.0214709,0.018926,0.109476,0.0507455,0.163874,0.187232,0.295521,0.223158,0.0615264,0.0508024,0.0782002,0.0179808,0.0184149,0.0126198,0,0,0.0240704,0,0,0,0.063304,0,0,0,0,0.0339187,0,0,0
0.0754552,0.018426,0,0,0,0.0392205,0.022962,0,0,0.040147,0.0306611,0,0,0,0.0254405,0.0468701,0,0.0446953,0.0243221,0.0287837,0.0216363,0,0,0.0172581,0.0325239,0,0,0.0238795,0.00555152,0.00696784,0.00479343,0,0.00412383,0.00183106,0.0106381,0.00558368,0,0.0233099,0.0528985,0.141518,0.0385089,0.072518,0.0214552,0.00612317,0.00211723,0,0.0085662,0.00436096,0.0193873,0.0351221,0.0155126,0.025828,0.0410623,0.10427,0.401495,0.419268,0.172536,0.291676,0.0721446,0.0157575,0.0258183,0.0236335,0.0244426,0.00793704,0.00527785,0.0178705,0.0171597,0.0359278,0.198133,0.378116,0.289793,0.426393,0.23162,0.506814,0.210238,0.0871707,0.0324274,0.0122903,0.0266872,0.0187384,0.0599178,0.0776539,0.0659032,0.105213,0.868159,0.428698,0.462631,0.198055,0.212153,0.401631,0.898393,0.132886,0.0428825,0.0272059,0.0147342,0.0128843,0.0536976,0.0336598,0.065107,0.0398101,0.764468,0.194874,0.216012,0.452192,0.313047,0.296583,0.417005,0.178782,0.0418287,0.0669732,0.0318905,0.0563899,0,0.0251012,0.0312499,0.03336,0.347602,0.323868,0.197148,0.133527,0.0734746,0.268985,0.377325,0.111891,0.0353376,0.0092535,0.0177507,0.0128502,0.0764351,0.0304291,0.0293647,0.0500238,0.167231,0.765031,0.590446,0.344922,0.362293,0.512146,0.522272,0.255331,0.0883703,0.0363728,0.0365001,0.00898697,0.0739588,0,0,0.161891,0,0,0,1,0,0,0,0,0.175106,0,0,0
0,0,0,0,0,0.0235964,0,0,0,0.024074,0,0,0,0,0,0,0,0,0.00502405,0,0,0,0,0,0,0,0,0,0.00795968,0,0,0,0,0,0,0,0,0,0,0,0.0149403,0.0313574,0,0.0159237,0.0298977,0,0,0,0,0.00837942,0.0237323,0,0,0,0,0,0,0,0.0228535,0.041507,0,0.0180318,0.00166481,0.0144648,0,0.0146953,0,0,0,0,0,0,0.0298075,0.00277322,0,0.0983975,0.276986,0.0904533,0,0,0,0,0,0.00761031,0.00715538,0,0,0.04865,0.0291281,0.00833914,0.305636,0.463214,0.571982,1,0.0663573,0,0.0178539,0.0211379,0,0,0.0260881,0,0,0,0,0.00132726,0.551761,0.111275,0.0884414,0.36643,0,0,0,0,0.0353116,0,0,0,0,0.0139426,0.0179559,0.017647,0.0153512,0.063697,0.0476985,0,0,0,0,0.0130333,0,0,0,0,0,0.016211,0,0,0.160737,0.0985085,0.0411892,0.243478,0.0107223,0.0129,0,0,0,0,0,0,0,0.015188,0,0,0,0,0.0197515,0,0,0
0.00403003,0.0012725,0,0,0,0.00388719,0.0018627,0,0,0.0030232,0.00190946,0,0,0,0.00155696,0.00462764,0,0.00440151,0.0105171,0.0172014,0.00730457,0,0,0.00776956,0.0107928,0,0,0.00332615,0.00601916,0.00477265,0.0096595,0,0.00285061,0.00398433,0,0.00726186,0.00372817,0.00263519,0.0010447,0.004453,0.0013855,0.00246439,0.00774837,0.00087961,0.00502487,0.00252271,0.00343615,0.00442876,0.00751239,0.0078502,0.00311388,0.00044012,0.00801268,0.00532934,0.0169999,0.00560258,0.00506057,0.00198679,0.00677693,0.00691105,0.0107162,0.00571287,0.00482728,0,0.00594269,0.00341839,0.00639538,0.00467003,0.0239199,0.00904973,0.0728467,0.0917303,0.0146391,0.0113701,0.00849338,0.0102565,0.000741057,0.00195957,0.00732284,0,0.0088798,0.0107986,0.0119869,0.0094468,0.0834285,0.308246,0.406644,0.220146,0.0693499,0.0129852,0.0271692,0.0121518,0.00908565,0.0026253,0.017117,0.00967267,0.00462553,0.0138456,0.00755123,0.0202691,0.288077,0.635611,1,0.303038,0.116759,0.0380566,0.0432971,0.00793351,0.02428,0.0131809,0.00477934,0.00965407,0,0.00301976,0.0202554,0.0254988,0.243348,0.406001,0.508351,0.379687,0.114062,0.0172544,0.0149426,0.00837335,0.00724451,0.0175945,0.00504513,0.0101275,0.011471,0.0208373,0.0257047,0.0588768,0.226413,0.496636,0.466852,0.41664,0.17575,0.0444677,0.0182466,0.0166754,0.018467,0.0125408,0.00984028,0.0297554,0.0408707,0,0,0.0725505,0,0,0,0.0967597,0,0,0,0,0.0469652,0,0,0
0.00363516,0.00135953,0,0,0,0.00637011,0.0128406,0,0,0.00381101,0.00272675,0,0,0,0.00260428,0.00305839,0,0,0.00371812,0.00702215,0.00416771,0,0,0.0162003,0.0129552,0,0,0.010733,0.00545061,0.00490684,0.0100495,0,0,0.00173183,0,0,0,0.00401723,0.0188056,0.0362167,0.0191242,0.0169591,0.00791163,0.00218208,0.000309284,0.00695301,0.00193808,0.00587729,0.00200899,0,0.00198675,0.00120219,0.0108297,0.0846779,0.246925,0.189903,0.0669864,0.0613809,0.0259144,0.00933933,0.00619365,0.00317899,0.00658567,0.00444787,0.00211225,0.0021018,0.00273889,0.00585948,0.20291,0.0958903,1,0.123455,0.0322609,0.0774675,0.017491,0.00405961,0.00290924,0.00631315,0.0030644,0.00186466,0,0.00216712,0.0002114,0.00428598,0.0154508,0.0370424,0.146815,0.0222206,0.049726,0.0880783,0.013113,0.0134463,0.00209317,0.00135554,0.00583454,0.00827908,0.00363536,0,0.00243368,0.00209702,0.00428461,0.00978929,0.0253346,0.0710543,0.0716575,0.000569095,0.0116404,0.00526868,0.00341759,0,0.00074692,0.00240434,0,0,0,0.00245934,0,0,0.0033446,0.00703453,0.00451055,0.0072738,0.00351295,0.00180648,0,0.00258564,0,0,0.0034233,0,0.00543906,0.00212699,0.0110223,0.00122536,0.0087897,0.0154007,0.020309,0.0146521,0.0137107,0.00367529,0.00403657,0.00321325,0,0.00331723,0.00661149,0,0,0.00469331,0,0,0,0.0140776,0,0,0,0,0.0019947,0,0,0
0.0015328,0.0012816,0,0,0,0.00217723,0.00193246,0,0,0.000501965,0.000403483,0,0,0,0.00071505,0.00075504,0,0.00422615,0,0.00082846,0.00116279,0,0,0.000439579,0,0,0,0.000467706,0.00133269,0,0.00146521,0,0.000140866,0.0022757,0,0.000942169,0,0.000547932,0.000325394,0.000821669,0.00245112,0,0.00057538,0.00106546,0,0.00167565,0.0017608,0.00215421,0.00302389,0.00151868,0.00112636,0.00548315,0.00301469,0.0009139,0.00637853,0.00141969,0.0013977,0.000568079,0.00173904,9.84787e-05,0,0,0.00110728,0.00150534,0.00110394,0.00192571,0.00225904,0.00745496,0.0663364,0.00531154,0.00417044,0.00373252,0.00387619,0.00195511,0.00183087,0.000157543,0.000435593,0.00105959,0.000596439,0.00232807,0.00404062,0,0.00550915,0.217151,1,0.140418,0.0323607,0.00409971,0.00881784,0.00409203,0.00381356,0.00207105,0.00422158,0.00238299,0.00286799,0.000383888,0.000802076,0.00134535,0.00995866,0.104666,0.111628,0.0602332,0.0742451,0.00828925,0.00568151,0.0025819,0.00348984,0.00257155,0.00148905,0.00162712,0.00128548,0.00285146,0,0.00102655,0.00222403,0.00899014,0.0112446,0.00614539,0.0327561,0.00851084,0.00863367,0.00497495,0.00392044,0.00169322,0.000632196,0,0.00465232,0.00206336,0.00501078,0.00611626,0.0124427,0.105525,0.0913002,0.0746477,0.0909971,0.0276281,0.0204406,0.00644581,0.00868123,0.0029758,0.00544172,0.00261624,0.00322107,0.00739924,0.00632853,0,0,0.0212615,0,0,0,0.00962852,0,0,0,0,0.00479845,0,0,0
0.00955463,0.00630129,0,0,0,0.00540915,0.00440268,0,0,0.0305425,0.0158072,0,0,0,0.0124525,0.00650523,0,0.00601758,0.00283269,0.0064349,0.0119753,0,0,0.0251048,0.0359252,0,0,0.0251711,0.0125327,0.0136728,0.0102724,0,0.0061964,0.00618048,0.00253309,0.00304272,0.0070165,0.00828438,0.00465617,0.00811925,0.129402,0.103903,0.0787652,0.0815236,0.00278515,0.00177767,0,0.00246915,0.0116543,0.00730872,0.00490468,0.00180063,0.00420452,0.0043903,0.00667614,0.0275138,0.135279,0.230973,0.236455,0.163791,0.042373,0.00618064,0,0.00914549,0.002225,0.00227663,0.00130363,0.0044675,0.00337039,0.00440384,0.0114291,0.035365,0.246734,0.633224,0.798641,0.458056,0.0605221,0.00543864,0.00376123,0.00590464,0.00535853,0.0157107,0.00814799,0.000819247,0.0150189,0.00477447,0.00350116,0.0177052,0.29858,0.264847,1,0.387123,0.0650904,0.00955265,0.0083546,0.00935247,0.00554402,0.0185047,0.01165,0.00720895,0.0102707,0.0109385,0.00169393,0.0638839,0.115202,0.175366,0.246279,0.17568,0.016981,0.00677945,0.00807818,0.000297985,0,0.00559351,0.00830595,0.00355642,0.00092332,0.00147629,0.00407614,0.00461641,0.0232618,0.0402016,0.0364646,0.00335184,0.0113584,0.0076653,0.00131411,0,0.00568587,0.00539109,0.00177936,0.0111489,0.0134721,0.00883691,0.0109077,0.0343089,0.0184636,0.0212773,0.0324196,0.00807628,0.0110661,0.00823783,0.00256957,0.00356851,0.0166673,0,0,0.0101653,0,0,0,0.0165433,0,0,0,0,0.0111534,0,0,0
0.0082182,0.0135871,0,0,0,0.0137589,0.0219025,0,0,0.0772426,0.100144,0,0,0,0.047255,0.0206082,0,0.00216184,0.00759637,0.00598852,0.00645799,0,0,0.0240703,0.0748491,0,0,0.316254,0.281165,0.0947767,0.0569042,0,0.0024882,0.00188653,0.00176123,0.00696963,0.000722332,0.00127257,0.00805556,0.0126363,0.0433463,0.0889665,1,0.850669,0.062426,0.0223307,0.00717793,0.00388308,0.00203761,0.0109785,0.00455004,0.00473541,0.00950984,0.00220452,0.00321936,0.0099287,0.0201592,0.0687617,0.23751,0.237111,0.076877,0.00710718,0.0116703,0.0112065,0.010402,0.000986408,0.00168487,0.0011679,0.00329479,0.00367521,0.00603711,0.015264,0.0130493,0.0308172,0.0501626,0.030662,0.0163622,0.00342977,0.00655386,0.00284814,0.00290086,0.00617471,0.00790429,0.00575853,0.00708521,0.00266169,0.00359165,0.00257468,0.00613746,0.00293741,0.00353262,0.00700948,0.00464706,0.00212886,0.0076327,0.00283231,0.00562611,0.00518616,0.00566133,0.00160681,0.00560975,0.00185686,0.0053436,0.00179156,0.00133636,0.0035768,0.00442811,0.00194042,0.00504835,0.00467788,0.00522913,0.00247017,0,0.00163323,0,0.00077297,0.00244405,0.00251897,0.000836679,0,0.00176684,0.00133547,0,0.000580983,0.000939336,0.000457162,0.00242434,0.00119549,0.00448156,0.00626433,0.00391719,0.00319365,0.00484213,0.00635532,0.00418958,0.00112175,0.00277058,0.00524944,0.00327266,0,0.00336164,0.00468865,0.00278415,0.00432209,0.0079914,0,0,0.00404114,0,0,0,0.00413809,0,0,0,0,0.00365868,0,0,0
0.0740222,0.00850725,0,0,0,0.0242904,0.00944391,0,0,0.00578053,0.0386006,0,0,0,0.23166,0.330757,0,0.0295957,0,0,0.00841803,0,0,0.00564201,0,0,0,0.0132293,0.041946,0.349149,0.321361,0,0.0932181,0.0163772,0,0.0039752,0.0114919,0,0,0.0208785,0.00586928,0.0162476,0.00607078,0.012919,0.235351,0.479838,0.191098,0.171522,0.0280264,0.0115121,0.00258902,0.00844083,0.0206629,0.00203714,0.00348561,0,0,0.00228139,0.0100913,0.00822686,0.502095,1,0.69974,0.280768,0.00967688,0,0.00219024,0.000873284,0,0.00430079,0,0.00552784,0.00619887,0.00261476,0.0169502,0.0127963,0.0103625,0.0231909,0.0372385,0.0104979,0,0.00491293,0.0123468,0,0.00339174,0,0.00146106,0.00641717,0,0.0107632,0.00910519,0.0128187,0,0.00896126,0.000979464,0.0122,0.00449162,0.00895219,0,0,0.00425729,0.00348746,0,0.00180448,0,0,0,0,0,0.00144058,0.0039952,0,0,0,0,0,0.00395502,0.00555428,0,0.00360042,0,0,0.00446732,0,0,0.00474757,0,0,0.0107987,0.00218332,0,0.00303575,0.00832852,0,0,0,0,0.0143997,0,0,0,0,0,0.00716128,0.0487017,0,0,0,0,0,0,0,0,0,0,0,0.00342494,0,0,0
0.00628758,0,0,0,0,0.00444992,0,0,0,0.0298342,0,0,0,0,0,0,0,0.00463052,0,0,0.00380561,0,0,0.00219937,0.0070956,0,0,0.00456738,0,0,0.00925408,0,0,0,0,0,0,0,0.00714274,0.0139639,0.00141901,0.00656413,0,0,0,0.0163879,0.00893392,0,0.0138575,0.00542144,0,0.00897443,0.00170055,0.0070074,0.00671637,0.00759127,0.0157736,0.00899812,0,0,0,0.00763818,0.0144035,0,0,0.0155832,0.00477806,0,0.0240427,0.0109823,0.148389,0.0449278,0.0239853,0.0165722,0.00492092,0,0.0119799,0.0273277,0.00566782,0.00482671,0.00565638,0.00578694,0.00149113,0.00630442,0.147421,1,0.495875,0.404617,0.073291,0.0192132,0.0334866,0,0.00476208,0.0024078,0,0.00798804,0,0.0107604,0.00863175,0,0.333938,0.349783,0.159208,0.256515,0.131016,0.0386607,0.0146482,0,0.0103031,0.0172275,0,0,0,0.0140193,0,0.0150908,0.0702407,0.145108,0.0431593,0.0538714,0.109475,0.0145807,0.0109069,0.000970699,0.00692543,0.00854671,0,0,0,0.0101083,0,0.00259553,0.0422575,0.0714912,0.379631,0.179307,0.0378373,0.0121692,0.0214099,0.00847567,0.00406889,0,0,0,0.0160199,0,0,0.00822818,0,0,0,0.0218372,0,0,0,0,0.00707125,0,0,0
0.00113682,0.0120959,0,0,0,0.00796331,0.0129174,0,0,0.0088476,0.00116745,0,0,0,0.00696684,0.00770325,0,0.00822168,0.00480548,0.00286206,0.00429064,0,0,0.0172413,0.00742342,0,0,0,0.00205342,0.00322858,0.00283123,0,0.00201319,0.00774763,0.00763346,0.00516612,0.0115213,0.0246364,0.0340618,0.0207042,0.0130162,0.00449847,0.00355968,0.00876171,0.00229631,0.00108527,0.00315882,0.0020324,0.0028363,0.00574266,0.00569449,0.0158335,0.166922,0.148768,0.125767,0.0856216,0.0159159,0.0103745,0.0115942,0.00437393,0.00666738,0.00629482,0.00239379,0.00262973,0.00910342,0.00821947,0.0095473,0.0687467,0.596868,1,0.300628,0.13396,0.0360114,0.00732973,0.00424348,0.0036703,0.00995438,0,0.00255591,0.00940235,0.00541212,0.00419702,0.0160186,0.0259232,0.272298,0.294381,0.351452,0.0976532,0.0434586,0.0117364,0.00242784,0.00578537,0.00743134,0.00299396,0.00075667,0.0034621,0.00312156,0.00239456,0.00695629,0.0061695,0.0798575,0.0810269,0.152191,0.0851569,0.0133439,0.0118446,0.0083719,0.0111055,0.000924252,0.00683348,0.00601269,0.00123116,0,0,0.00267931,0.00294917,0.00994904,0.0324638,0.026441,0.0110699,0.0206862,0.00392844,0.00459806,0.00152071,0.00115215,0.002101,0.00236074,0.00253403,0.00595852,0.00406412,0.00624217,0.0208554,0.018817,0.00950535,0.0276815,0.0263223,0.00975429,0.00615144,0.00799784,0.00727028,0.0162249,0.00298832,0.00435705,0.00627901,0.0071248,0,0,0.0136144,0,0,0,0.0129411,0,0,0,0,0.016175,0,0,0
0,0,0,0,0,0.0219348,0.00597993,0,0,0.00839712,0,0,0,0,0,0.00402882,0,0.00197713,0.00159488,0,0.0331213,0,0,0,0,0,0,0,0.0145941,0,0,0,0,0,0,0,0,0.00710268,0,0,0,0,0,0.00679695,0,0,0,0,0.0120856,0,0,0,0.00828919,0.00842682,0,0.0105722,0.0115149,0.016071,0.010332,0,0,0.00194025,0,0,0.00626155,0,0,0.00694605,0.0075239,0,0.00986632,0,0,0,0.011405,0.00837587,0,0.00875961,0,0,0.00810893,0.000746144,0.780704,0.521249,0.6134,0.213597,0.0222121,0.0537278,0.0292462,0.00712399,0.024849,0,0.0131256,0,0,0,0,0.0202981,0.490739,1,0.129179,0.13334,0.287759,0.0286822,0.00903607,0,0.0346826,0.0247766,0,0,0.0151882,0,0,0.0345041,0,0.021192,0.619588,0.0787531,0.175531,0.0980837,0.0336455,0,0,0.016327,0.00243565,0,0,0.00343967,0.00114607,0.00825594,0.0704192,0.570294,0.418497,0.25981,0.365947,0.212749,0.0701971,0,0,0.0591041,0.00964247,0,0.00186633,0.0136976,0.0161056,0,0,0.297613,0,0,0,0.0643889,0,0,0,0,0.00176922,0,0,0
0.0183497,0,0,0,0,0,0,0,0,0.0787758,0,0,0,0,0,0,0,0,0,0,0.0175653,0,0,0,0.0113405,0,0,0,0,0,0,0,0,0.00811986,0,0,0,0,0.0118225,0.00460455,0,0,0,0,0,0.0400356,0,0,0,0.0831855,0,0.00701066,0,0.036315,0,0,0,0,0,0.0131688,0,0,0,0.0107558,0.00460215,0.0213029,0.00350301,0.0540857,0.394485,0.153903,0.325761,0.284451,0,0.0194919,0,0.0222103,0.0149631,0,0,0.0388575,0,0.0462539,0.366676,1,0.103568,0.146325,0.103586,0.306388,0,0.0488963,0.0198819,0.0019089,0.0117202,0.0364861,0,0,0.0214512,0.130972,0.153505,0.18239,0.0486412,0.0922464,0.0492586,0.11754,0.151707,0.0222875,0,0,0,0.00584319,0,0,0,0.100615,0.0823932,0.0523401,0,0,0.0470899,0,0.176115,0.0164069,0.00894335,0,0,0,0,0.0173589,0.0922849,0.0461858,0.103764,0.405146,0.0441916,0,0.0210251,0.0891688,0.37684,0.156689,0.0217364,0.00924789,0,0.0213154,0.00808351,0.0656054,0.0315063,0,0,0.349752,0,0,0,0.336373,0,0,0,0,0.0539643,0,0,0
0.0162742,0.00740282,0,0,0,0.00637299,0.00635826,0,0,0.0122558,0.0285782,0,0,0,0.0166208,0,0,0.0228695,0.0223764,0.0275898,0.00666348,0,0,0.0141534,0.0153902,0,0,0,0.0293524,0.00384089,0.00337658,0,0.00654221,0.0041808,0.0236869,0.0257263,0.0585626,0.26457,0.221171,0.0357956,0.00202773,0,0.0219476,0.0174453,0.018585,0.020108,0.00744578,0.0109306,0.0166075,0.0122657,0.0257638,0.107524,0.480887,0.735431,0.357408,0.282674,0.0649934,0.0119753,0.031001,0.0147486,0.00693434,0,0.0034211,0.00551303,0.00729765,0.00858163,0.0350794,0.584102,1,0.22057,0.314791,0.746075,0.048218,0.0329034,0.0039387,0.00208014,0,0.00377256,0,0.00517598,0.00806924,0.0108752,0.111733,0.352558,0.932027,0.528982,0.509536,0.355885,0.0517075,0.0259123,0.0149905,0,0.0206882,0.0121643,0.0202936,0,0,0,0.047229,0.0464366,0.309846,0.161392,0.0892963,0.28301,0.00686134,0.0227734,0.00636654,0.00718787,0,0.0264299,0,0.0335444,0,0.00266586,0.00927572,0.0230118,0.0868148,0.143068,0.0972386,0.122584,0.0184642,0.0140448,0.00480125,0.00142589,0.00683666,0.00723686,0.00581758,0.00167233,0.00437851,0.0199515,0.0126079,0.0202782,0.0211406,0.0294836,0.02938,0.0291247,0.0631675,0.0273978,0.00540346,0.00655053,0.0140536,0.0182602,0,0.00578827,0,0,0,0.00499538,0,0,0,0.0598858,0,0,0,0,0.00474692,0,0,0
0,0.00254111,0,0,0,0.0095937,0.00713376,0,0,0.0283916,0.000715762,0,0,0,0,0.0109704,0,0.0117963,0,0.022519,0.0147858,0,0,0.00814931,0.00387679,0,0,0.00213174,0,0,0,0,0,0,0,0,0.0128164,0.00772299,0.0397468,0.111977,0.00402754,0,0.0115481,0.00271804,0,0,0,0,0,0,0,0.00703511,0.0847233,0.0151,0.0632755,0.0700845,0.146695,0,0.00654171,0.00291254,0.000579033,0,0.0124194,0,0,0,0.00495812,0.00600982,0.114388,0.118452,0,0.0295762,0.169654,0.130225,0,0.00624883,0.0126022,0,0,0.00423826,0.010383,0,0.0140758,0.0145795,1,0.0993086,0.0271308,0.0492622,0.139178,0.0455115,0.027882,0,0,0,0,0.00154375,0,0,0,0.00494908,0.143034,0.158655,0.011415,0.017247,0.0867936,0.0626352,0,0,0,0,0.00167308,0.00636977,0,0,0,0,0.00482562,0.0225844,0.0989088,0.0249445,0.0266007,0.0342697,0,0,0,0.00451431,0.00981398,0.00466428,0,0.00483192,0,0.00609036,0,0.0060344,0.00330334,0.0200685,0.030227,0.00923083,0,0.00286783,0,0,0.01403,0.00120497,0,0,0,0.00948022,0,0,0,0,0,0,0,0,0.00443706,0,0,0
0.399698,0,0,0,0,0,0.266608,0,0,0.109576,0,0,0,0,0.0562201,0,0,0,0,0,0,0,0,0,0,0,0,0,0,0,0,0,0,0,0,0,0,0,0.501442,0.0641954,0.528408,0,0,0,0,0,0,0,0.372842,0,0,0,1,0.0360135,0,0,0.149882,0,0,0,0,0,0.41126,0,0,0,0,0,0,0.833273,0.0316615,0,0.353552,0.13166,0,0,0,0,0,0,0,0,0,0,0.0342767,0,0,0,0,0.275012,0,0,0.993899,0,0,0,0,0,0,0,0,0,0,0.793135,0.829227,0,0,0,0,0,0,0,0,0,0,0,0,0.111553,0,0,0,0,0,0,0,0,0,0,0,0,0,0,0,0,0,0.139218,0,0,0,0,0,0,0,0,0,0,0,0,0,0,0,0,0,0,0,0,0,0,0,0
0.0095202,0.00866858,0,0,0,0.00836376,0.0167697,0,0,0.0389282,0.0196601,0,0,0,0.0199405,0.0190424,0,0.0179023,0.00835896,0.00362031,0.00670959,0,0,0.0405286,0.173881,0,0,0.0459333,0.0178287,0.00786436,0.00540598,0,0.00129591,0.0133015,0,0.00166714,0.00695351,0.0172207,0.0426573,0.0709449,0.291022,0.459866,0.193836,0.0270714,0.0125907,0.0121594,0.00349328,0.0118316,0.00326083,0.00829138,0.00198426,0.0016792,0.00558349,0.0183271,0.122781,0.209981,1,0.803368,0.320185,0.0505287,0.005612,0.0107697,0.0111707,0,0.00080645,0,0.00543236,0.00963091,0.00254753,0.00318582,0.0582836,0.371062,0.588207,0.801802,0.284949,0.0681691,0.0224893,0.00460857,0.0117461,0.00105261,0.00601529,0.0115077,0.0091123,0.00568194,0.0110033,0,0.00582356,0.116305,0.382697,0.243646,0.0905075,0.0110101,0.0117818,0,0.00622982,0.0199609,0.00603981,0.00317088,0.00659965,0.0165331,0.00824144,0.00557673,0.0105926,0.0202882,0.00811123,0.0156363,0.00593362,0.00873496,0.00700904,0.0081149,0.00388958,0.00103789,0,0,0.000941713,0,0,0,0.00047684,0.00598506,0.00438078,0.00832121,0.00641681,0.00431105,0.00298514,0,0,0.00627996,0.00254097,0.00489032,0.00365261,0.01262,0.00571912,0.0002712,0.00317157,0.00178707,0.0083355,0.00383521,0.0241344,0.00962559,0.0080195,0.00286348,0.0197115,0.00427122,0.00311645,0,0,0.00651068,0,0,0,0.0172876,0,0,0,0,0.0267954,0,0,0
0.0052567,0.00711491,0,0,0,0.0172909,0.0499962,0,0,0.029397,0.0143653,0,0,0,0.0171598,0.00992778,0,0.0343806,0.0062672,0,0.0551733,0,0,0.0373485,0.0361272,0,0,0.0102664,0.0126086,0.0159694,0.00460144,0,0,0,0,0.0922148,0.00999415,0.0445908,0.0938059,0.251209,0.294383,0.328529,0.0086364,0,0.0059879,0,0,0.00868551,0,0.0126078,0.0188526,0.0334644,0.0310008,0.14063,0.19749,0.534803,0.277415,0.489916,0.039919,0.0116157,0,0.00973288,0.00598256,0.00581859,0,0.030588,0.0109231,0,0.0358944,0.0611691,0.36547,1,0.471052,0.590017,0.073551,0.0461395,0.0142312,0,0.026838,0.0097803,0,0.00997559,0.0172757,0.0230297,0.114042,0.134714,0.628762,0.961906,0.899785,0.682698,0.134714,0.0391842,0.00537589,0,0.0023605,0.0163696,0,0,0.0123144,0.0181553,0.0292738,0.213444,0.151716,0.482997,0.769338,0.131941,0.0444779,0,0.00188285,0.0066137,0.00105963,0.0139491,0,0.0127387,0,0,0,0,0.0758501,0.0119288,0.00444299,0.00886892,0.015256,0,0.00304524,0.00497288,0.0215893,0.0102684,0.0199984,0.00656244,0.00655626,0,0,0.0168878,0,0.0136268,0.0132919,0.0177517,0.0106612,0.0222099,0.0365652,0.0050474,0,0,0,0,0,0.0191837,0,0,0,0.0185549,0,0,0,0,0,0,0,0
0.00955224,0.00520414,0,0,0,0.00869539,0.0227562,0,0,0.0252236,0.0319578,0,0,0,0.0030637,0.00215546,0,0.00359207,0.00906087,0.00392233,0.013479,0,0,0.0266979,0.045696,0,0,0.0132289,0.00617068,0.00491968,0.0210242,0,0.00326351,0.00133675,0.00543401,0.00736019,0.0029655,0.00176849,0.0398529,0.0674732,0.0583676,0.046127,0.01711,0.00715649,0.00330752,0.00690141,0.018193,0.008722,0.00211424,0.00349886,0.00524124,0.00405469,0.00655801,0.0263245,0.155057,0.249571,0.221409,0.10653,0.0303183,0.0185146,0.00590695,0.00976906,0.00658846,0.00638616,0.0117172,0.00689993,0.00858184,0.00972772,0.014294,0.0743422,0.682054,0.389474,0.358403,0.189213,0.0279074,0.0060495,0.00844581,0.00222138,0.00821658,0.00245875,0.00891074,0.00557358,0.00634371,0.00359606,0.0145764,0.144283,1,0.752216,0.439049,0.14749,0.0312709,0.0122547,0,0.0148132,0.0151213,0,0.0261412,0.00358473,0.00337314,0.00815401,0,0.00667372,0.166284,0.193675,0.193375,0.033919,0.00820701,0.000397193,0.0026031,0.00497797,0,0.00995584,0,0.00201044,0.00293876,0.0023379,0.00275154,0.00247073,0.00612039,0.0131629,0.01644,0.00197064,0.00355749,0,0.00740101,0,0.00761886,0.00784133,0,0.010598,0.000244117,0.00284034,0.0113814,0.00171096,0.0149259,0.00562957,0.0202229,0.0111773,0.00797222,0.0145204,0.00871148,0.00653846,0.000174713,0.00376776,0.0100027,0,0,0.00313445,0,0,0,0.00354144,0,0,0,0,0.0160834,0,0,0
0.00625262,0.00275393,0,0,0,0.0041892,0.00750843,0,0,0.00907518,0.00380879,0,0,0,0.00508663,0.0034234,0,0.00367281,0.00349371,0.00581275,0.00846055,0,0,0.00652489,0.00445051,0,0,0.00502444,0.00310977,0.00337636,0.00431071,0,0.00248661,0.000228894,0.00267693,0.00635687,0.00150909,0.00860135,0.00536823,0.00732501,0.00344114,0.00709612,0.0014271,0.00112898,0.00129997,0.00200534,0.00155459,0.0045904,0.00389626,0.00627437,0.0078016,0.00393752,0.00356111,0.0121988,0.020524,0.02102,0.0406206,0.0402019,0.0335321,0.0167462,0.0112019,0.00733453,0.0101106,0.00590926,0.0124964,0.00841211,0.015357,0.00531968,0.0180607,0.00956418,0.0344878,0.15387,0.168206,0.270224,0.263091,0.0624772,0.0258648,0.0238935,0.0198245,0.00981844,0.018021,0.00695904,0.0154747,0.00968851,0.0325451,0.0220887,0.153273,0.145698,0.23688,0.218247,0.512012,0.516218,0.0775746,0.0241778,0.017145,0.0139594,0.00915768,0.0121078,0.00776461,0.023992,0.0286424,0.0260698,0.122672,0.106973,0.191692,1,0.297568,0.332664,0.0304641,0.0308694,0.00576693,0.00984142,0,0.002777,0.00661817,0.0158143,0.0134171,0.0356937,0.0490932,0.0586085,0.049151,0.0869776,0.0763103,0.141141,0.0139588,0.00760276,0.0106774,0.00747315,0.0131473,0.0206881,0.0091699,0.0107698,0.0250484,0.100467,0.143848,0.0794139,0.118352,0.127987,0.201182,0.207562,0.0387749,0.0400577,0.0214689,0.0156439,0.0351598,0,0,0.0347064,0,0,0,0.271232,0,0,0,0,0.0946755,0,0,0
0.0037655,0.0102829,0,0,0,0.0159667,0.0866703,0,0,0.0429974,0.0425406,0,0,0,0.0136285,0.00213751,0,0.00662653,0.0241792,0.0320212,0.0602522,0,0,0.132742,0.114364,0,0,0.0237994,0.0111673,0.00681214,0.00463468,0,0.0074743,0.0101472,0.0108744,0.0158221,0.0546487,0.118398,0.123823,0.206069,0.153478,0.134064,0.0202875,0.0192279,0.00286786,0.00623019,0.0129304,0.007339,0.0109937,0.0171354,0.0106678,0.0236767,0.0650776,0.226672,0.100806,0.638309,0.311309,0.72648,0.0582764,0.00774202,0.012084,0.00515538,0.0176481,0.0116196,0.0106963,0.0107175,0.0142053,0.00513373,0.0446868,0.171155,0.269635,0.424175,0.501697,1,0.0804934,0.0109091,0.000253618,0.00589199,0.00136049,0.00635902,0.00647919,0.0045577,0.00380501,0.00946259,0.0354683,0.0513497,0.375126,0.417484,0.278927,0.0992095,0.0150081,0.00795047,0.00594197,0.017499,0.00555759,0.00830855,0,0.00810655,0.00683115,0.005627,0.0129947,0.0238589,0.0858434,0.0605312,0.0271402,0.018496,0.010366,0.00232568,0.00339643,0.015761,0.00371668,0.00423231,0,0.00257443,0.00569707,0.00138362,0.00290735,0.00622376,0.00698992,0.0098846,0.00140599,0,0.00332733,0.00485438,0.00242882,0.00314951,0,0.00219046,0.00199812,0.00287025,0,0.00667781,0.0173369,0.0112495,0.0253961,0.0306918,0.0282697,0.0108226,0.0138753,0.000838731,0.0188743,0.00567363,0.00810012,0.00383178,0.00394361,0,0,0.0174858,0,0,0,0.00639922,0,0,0,0,0.00912075,0,0,0
0.00180945,0.00214244,0,0,0,0.00457471,0.00349704,0,0,0.00399535,0.00339019,0,0,0,0.00259645,0.00470685,0,0.000905977,0.01662,0.00551013,0.00322574,0,0,0.00493314,0.00645162,0,0,0.0021467,0.00657808,0.0014005,0.0022877,0,0.00180397,0.00325599,0.00284672,0.00431704,0.00462642,0.00436625,0.00133986,0.00888371,0.00443988,0.00327538,0.000527028,0.000858779,0.000562558,0.00601969,0.000172834,0.00552847,0.00342929,0.00111475,0.00137882,0.00358004,0.0103988,0.0199557,0.0726226,0.0592517,0.0135977,0.00860614,0,0.00688421,0.00156042,0,0.00244695,0.00108892,0.000927982,0.00391618,0.00259364,0.00203083,0.0123084,0.0877176,0.285732,0.237319,0.0534688,0.012964,0.00936465,0.00490854,0.00209973,0.000960658,0.00100587,0,0.00555005,0.00306918,0.0100753,0.00599237,0.03819,0.306939,1,0.313753,0.15023,0.0132527,0.0131475,0.00243938,0.00597855,0.000136623,0.0022326,0.00617754,0.00204436,0.00169532,0.00859625,0.0191686,0.0303811,0.141568,0.167541,0.17777,0.0598586,0.0156668,0.0142065,0.00534208,0.00274643,0.00560945,0.00487411,0.00068452,0,0.00365708,0.00855452,0.00546625,0.00905896,0.0192007,0.111141,0.0649709,0.022273,0.00450581,0.00986028,0.00461034,0.000816247,0,0.00119221,0.00542485,0.00513807,0.00356832,0.00890362,0.00721125,0.0171983,0.0238194,0.0289437,0.027931,0.034643,0.0190179,0.00857543,0.0127676,0.0039628,0.00980792,0.00106699,0.00286101,0.00758454,0,0,0.0117332,0,0,0,0.0168735,0,0,0,0,0.0145822,0,0,0
0.00507793,0.0145105,0,0,0,0.0199068,0.0213503,0,0,0.0506364,0.0305681,0,0,0,0.00929449,0.0170547,0,0.0174324,0.0101269,0.0167164,0.0161261,0,0,0.0271423,0.0689806,0,0,0.032815,0.0324135,0.0204189,0.0201493,0,0.0123797,0.00655804,0.0059566,0.0113972,0.0118773,0.0195229,0.0338037,0.06586,0.117646,0.184313,0.125061,0.112662,0.0124252,0.0193231,0.00466787,0.00213781,0.000953148,0.0422372,0.000908969,0.0141801,0.00645706,0.0157146,0.0747553,0.150768,0.20811,0.223482,0.23249,0.520103,0.158885,0.0464731,0.0114768,0.0181522,0.00783087,0.00826007,0.0138195,0.0191507,0.0180171,0.0190419,0.123114,0.299171,0.234564,0.269563,0.220404,0.384014,0.510463,0.090533,0.0471683,0.0144575,0.0211812,0.0147563,0.0187164,0.0166022,0.0118711,0.0267428,0.151707,0.250599,0.161497,0.299346,1,0.59257,0.742959,0.110205,0.043496,0.0147244,0.00903373,0.00448825,0.00355962,0.0137653,0.0392879,0.0412753,0.0393414,0.216262,0.274041,0.188327,0.329625,0.362401,0.204271,0.0311096,0.0087844,0.0102612,0,0,0.00667831,0.00371253,0.0128726,0.0322776,0.00593098,0.092633,0.170888,0.176928,0.101688,0.209168,0.00901118,0.0148069,0.00363117,0.00572986,0.0187223,0.0100404,0.0253783,0.0241744,0.0215121,0.0262344,0.0220275,0.0747807,0.151296,0.259245,0.185715,0.0685859,0.0287212,0.0342375,0.0201432,0.0176217,0.0347142,0,0,0.0188241,0,0,0,0.0586784,0,0,0,0,0.0506336,0,0,0
0,0.0080761,0,0,0,0.00524131,0.00325037,0,0,0.00223752,0.0087959,0,0,0,0.00162271,0,0,0,0,0.0121135,0.00764623,0,0,0.0244879,0.0264324,0,0,0.0255151,0.00608175,0,0.00147079,0,0.00139086,0,0.00477497,0.00191626,0.00452477,0.00467227,0.0044766,0.016625,0.0331567,0.0575465,0.0228118,0.0293888,0.00205822,0,0.000152338,0.00322735,0.00289337,0.00384375,0.00145696,0,0.00500354,0.00299978,0.0147456,0.0646973,0.0823424,0.0937804,0.133197,0.0799954,0,0,0.00303247,0,0.00928308,0,0,0.00277457,0.00678086,0.000268661,0.0119253,0.0775155,0.0683834,0.324025,1,0.214103,0.00355519,0.00493175,0,0.00411784,0.00406377,0.0125409,0.00353986,0.00342352,0.00843148,0.00749191,0.0107186,0.0134394,0.192359,0.158753,0.399728,0.161888,0.0127678,0.00217285,0,0,0,0.0040455,0,0.00214907,0.00228307,0.00832755,0,0.0281143,0.0706843,0.0734487,0.0243356,0.00517584,0,0.00601025,0,0.00381108,0,0.0033118,0.00617149,0.0171967,0,0,0.00564136,0.015058,0.00379604,0.00496243,0,0,0,0,0.00713274,0,0.00300265,0.00652541,0.00109741,0.00450495,0,0.0119567,0.000978652,0.00453002,0.0113226,0.00805721,0.0296727,0.00413469,0.00389604,0.00314717,0.000573641,0,0.00542356,0,0,0.00734261,0,0,0,0.00266348,0,0,0,0,0.0017183,0,0,0
0.00717082,0.00605089,0,0,0,0.0109132,0.019366,0,0,0.0130626,0.0112231,0,0,0,0.0101054,0.00944479,0,0.00161218,0.00435225,0.00588033,0.00906407,0,0,0.0179345,0.0133642,0,0,0.00668684,0.00340962,0.00285436,0.00211934,0,0.00845888,0.00866688,0.000437128,0.0196899,0.00590445,0.0410126,0.0148063,0.0342783,0.00672123,0.00774549,0.00959166,0.00428051,0.00110333,0.00538347,0.00277779,0.001551,0.00985929,0.0113263,0.0100289,0.0105394,0.0118163,0.0135151,0.052404,0.161126,0.113089,0.0735249,0.031675,0.0118439,0.00882257,0.00362145,0.0137958,0.00703468,0.0098209,0.0099767,0.0133504,0.00454987,0.0215288,0.0329517,0.165071,0.457862,0.301141,0.378067,0.0642967,0.0188753,0.0193267,0.00286917,0.00919561,0.0102819,0.0149541,0.00559873,0.0242762,0.0132726,0.0279148,0.0900512,0.38643,0.371294,1,0.958162,0.479545,0.115444,0.0350094,0.0162266,0.0184822,0.0112984,0.00677246,0.00659355,0.0133635,0.0177772,0.0338413,0.0964478,0.284771,0.395478,0.502368,0.95459,0.286756,0.12759,0.0196743,0.00890574,0.031799,0.00320627,0,0.00767102,0.00617507,0.0197555,0.012675,0.0576071,0.147767,0.254539,0.150242,0.246176,0.0440601,0.019801,0.00613362,0.0137432,0.0227849,0.00800201,0.00780187,0.0179962,0.0192918,0.0139175,0.0264174,0.0399318,0.151013,0.204158,0.232805,0.146749,0.0439384,0.0185379,0.0118427,0.0315373,0.0174099,0.0127863,0.021583,0,0,0.0272788,0,0,0,0.0612297,0,0,0,0,0.0195837,0,0,0
0.0106047,0.0058631,0,0,0,0.0808029,0.0956775,0,0,0.08191,0.00562367,0,0,0,0.00507257,0.00454317,0,0.00382,0.0375941,0.110639,0.112693,0,0,0.143938,0.0964499,0,0,0.0257919,0.0317593,0.0260538,0.00768743,0,0.00330902,0.0140365,0.0310801,0.0287687,0.0874159,0.0805471,0.175006,0.118311,0.0597455,0.118165,0.021042,0.0014136,0.012787,0.0273658,0.00350969,0.00266104,0.0261929,0.0363673,0.00758577,0.0477199,0.180858,0.293562,0.240866,0.181045,0.161063,0.254396,0.0218828,0.0167991,0.0195059,0.0129098,0.00856643,0.00147299,0.0255225,0.0131021,0.0172145,0.0176711,0.271302,0.3192,0.464698,0.202609,0.317628,0.412977,0.0315463,0.0217151,0.00743191,0,0.0244306,0,0.00160098,0.0453422,0.0547941,0.143135,0.518047,0.471927,1,0.388069,0.375957,0.170944,0.0487255,0.0225399,0.0274817,0.015861,0.00576072,0.0126217,0.0694984,0.0245156,0.0537128,0.0546144,0.420651,0.400713,0.276758,0.225118,0.373091,0.163686,0.0192064,0.025468,0.0347057,0.0123459,0.0190965,0.0246649,0,0.00787334,0.0205081,0.020754,0.0332287,0.100812,0.315218,0.175739,0.177322,0.0377401,0.0026248,0.0205927,0.0356577,0.0226615,0.0209034,0.0208271,0.0168575,0.0241959,0.0247482,0.061857,0.0565917,0.0191112,0.116896,0.13599,0.0514258,0.0287443,0.061508,0.0531229,0.0535033,0.0293415,0.0264799,0.0260494,0.0416459,0,0,0.050274,0,0,0,0.084816,0,0,0,0,0.041279,0,0,0
0.000133524,0,0,0,0,0.00167171,0,0,0,0.00157381,0.00537617,0,0,0,0.00201855,0.00966209,0,0.00440935,0.00328711,0,0.00195245,0,0,0,0.000426941,0,0,0.00218622,0.00661702,0.00744896,0.00275896,0,0.00607396,0.00194205,0.00238756,0.00355307,0.00193188,0.00487877,0.00155278,0.00858671,0,0.00510858,0,0.00481197,0.00515991,0.00233711,0,0.00526717,0.0177545,0.0652543,0.0138503,0.00115972,0.00667117,0.0134503,0.00248755,0.00197321,0.00180316,0.00126858,0.0048736,0.00729124,0.00498777,0.00139798,0.00868272,0.0122843,0.701446,0.326479,0.0935126,0.00804107,0.00354916,0.00319532,0.008137,0.00788819,0.000498438,0.00602733,0,0.0020371,0.000214822,0,0.0108052,0.00806064,1,0.556582,0.163145,0.0165922,0.0188418,0.0109347,0.00189817,0,0.0153423,0.00165004,0.0180243,0.00511619,0.0046583,0.00516427,0.0087619,0.0164863,0.0312167,0.0991292,0.0126257,0.0199921,0.00810239,0.00579315,0.00497735,0.000630553,0.0064221,0.00528149,0.00367635,0.00420062,0.0020836,0.00796483,0.00816195,0.0166895,0,0.012721,0.0110596,0,0.0175864,0.0100401,0.00825166,0,0,0.00356696,0,0,0,0,0,0.00336334,0.0036831,0.0104734,0.00938315,0.0150022,0.0122537,0.0161174,0.02186,0,0.00534175,0.00208364,0.0114473,0,0.00199009,0.00266619,0.00786906,0.0143147,0.012008,0,0,0.0121025,0,0,0,0.000738271,0,0,0,0,0.0104292,0,0,0
0.00227703,0.00182263,0,0,0,0.00137125,0.00145951,0,0,0.00487731,0.00205926,0,0,0,0.00606835,0.00170967,0,0.0016131,0.00622555,0.00306114,0.00567752,0,0,0.00635276,0.00659801,0,0,0.00411507,0.00253833,0.000712793,0.00252277,0,0.00253134,0.00375744,0.00539459,0.00229231,0.00384724,0.0016205,0,0.0137223,0.00236248,0.00190284,0,0.00194555,0.00466076,0.00152111,0.000961213,0.000855648,0.00422482,0.00539188,0.0043276,0.00493858,0.00359572,0.0172742,0.00534073,0.00947032,0.00532851,0.00321833,0.004686,0.00396658,0.00429661,0.00493344,0.00389557,0.0078528,0.00309988,0.00845565,0.00951665,0.00446309,0.00660574,0.0113935,0.0136879,0.0372244,0.0190092,0.0142348,0.00902561,0.000433009,0.0104204,0.00261901,0.000532346,0.00731236,0.0199141,0.00482008,0.00929726,0.00806648,0.0234625,0.0223696,0.202029,0.218652,0.280512,0.0838137,0.0247505,0.00737965,0.00734638,0.00252809,0.0132105,0.00710183,0.00256883,0.0112259,0.0109739,0.00701424,0.0111012,0.0717869,0.151763,1,0.687027,0.289787,0.0212111,0.00792561,0.015018,0.0109553,0.00647206,0.00811999,0,0.00321083,0.00386251,0.0101464,0.00822349,0.0787111,0.177936,0.559213,0.236155,0.111408,0.0174096,0.00660389,0.00747881,0.00301444,0.00678728,0.00393082,0.00775143,0.00982104,0.0117164,0.0234407,0.0265227,0.0739066,0.178446,0.234579,0.231771,0.0643055,0.0205494,0.0246835,0.00884869,0.00650133,0.0159758,0.0132416,0.0176557,0,0,0.0140683,0,0,0,0.0498222,0,0,0,0,0.0233964,0,0,0
0.0186297,0.0522055,0,0,0,0.0249199,0.0334129,0,0,0.0546247,0.0124429,0,0,0,0.0111384,0.00269867,0,0.0132566,0.0253781,0.126303,0.105796,0,0,0.038224,0.0747548,0,0,0.00753636,0.0138397,0.0441768,0,0,0,0.0106728,0,0.0208147,0.0319343,0.223471,0.181488,0.214972,0.126436,0.299674,0.0168713,0.0363109,0.0233818,0.00691883,0.0136492,0.00801248,0.00171799,0.0307092,0.0356488,0.0366338,0.479956,0.714567,0.316461,0.27121,0.201357,0.418402,0.0644246,0.00159686,0.00526931,0.00687057,0.00553027,0.0298696,0.0175541,0.0207314,0.0142108,0.0166907,1,0.671707,0.88396,0.537507,0.237699,0.545036,0.0141807,0.017816,0.0105765,0.00297001,0.00952609,0,0,0.00742224,0.0183958,0.00837317,0.217118,0.359099,0.558463,0.278085,0.48713,0.191829,0.0511226,0.00806183,0.033622,0.0149895,0,0.00175801,0.00190894,0,0.00666895,0.0216439,0.0675462,0.0667068,0.289721,0.426913,0.26407,0.072385,0.0221549,0.0183519,0.0355751,0.00654431,0.0155988,0.00646324,0,0,0,0,0.00481514,0,0.0321013,0.0356508,0.0476589,0.0197911,0,0.0198227,0,0.00100824,0.00272956,0,0.0146068,0,0.0119915,0.0119296,0.00669387,0.034163,0.0379341,0.0436118,0.0256427,0.056823,0.0272038,0.00502263,0.00775489,0,0.0103207,0.00807862,0.0103782,0,0,0.0240179,0,0,0,0.00721642,0,0,0,0,0.0611247,0,0,0
0.00485656,0.000369172,0,0,0,0,0.00118192,0,0,0.00529878,0,0,0,0,0.00110587,0.00175378,0,0.0048623,0.00473595,0.00164063,0.000604278,0,0,0.00315418,0.00103578,0,0,0,0.00147346,0,0.00398095,0,0.00117889,0.0163943,0.00530931,0.00379298,0.000429082,0,0,0,0.00162066,0,0,0,0,0.000906192,0,0.00160713,0.00751436,0.0486726,0.0512549,0.0227572,0.00144216,0.000792055,0.00138337,0,0,0.000428875,0.00111892,0,0,0.00184066,0.00148467,0,0.00371007,0.0602665,0.119974,0.039663,0.00374336,0.00142316,0.00185024,0,0,0.00183083,0.00161297,0.00144762,0,0,0,0,0.00183995,0.0269586,1,0.0646664,0.009165,0.00175557,0,0.0033182,0.00276059,0.000151201,0.000648589,0,0.00160506,0.00339037,0.00147885,0.0050515,0.000660047,0.00721471,0.0324752,0.00954324,0.00200784,0.00112755,0.0023973,0.00135032,0.00125053,0,0.000870426,0,0,0.000800053,0.00137392,0,0,0.00150037,0.00137831,0.00240991,0.000695296,0.00133865,0.00210808,0,0,0.000191003,0.00326569,0.00259072,0.00155919,0.00129855,0,0.000898694,0.000569017,0,0.00415781,0.00172552,0,0.000975151,0.00186749,0,0.001682,0.000882721,0,0.00220104,0.00196291,0.000942498,0,0.00203879,0.00149154,0,0,0,0,0,0,0.00550967,0,0,0,0,0.00234198,0,0,0
0.00502958,0.00437572,0,0,0,0.00699121,0.0191433,0,0,0.00713531,0.00784908,0,0,0,0.00736714,0.00528947,0,0.00558204,0.00320689,0.00157032,0.00905611,0,0,0.0633119,0.0408034,0,0,0.0211237,0.014005,0.00152341,0.00390283,0,0.0125093,0.00329647,0.00584311,0.00832876,0.0103104,0.0462406,0.0239095,0.0292448,0.0133726,0.0752623,0.00727064,0.002131,0.00245165,0.000687263,0.00679086,0.00781591,0.00662921,0.0029113,0.00444159,0.0100187,0.0109555,0.0569733,0.0306912,0.155085,0.13425,0.0520393,0.0652775,0.0103976,0.00576573,0.00510763,0.000990022,0.00537768,0.00601181,0.0020501,0.00556119,0.0100675,0.0130447,0.0521205,0.0714374,0.34724,1,0.246182,0.112432,0.01637,0.00679809,0.000508719,0.00258837,0.00714473,0.00481926,0.014887,0.00847908,0.00297606,0.0190519,0.0336525,0.150176,0.0848867,0.214729,0.200068,0.127947,0.0313039,0.0109481,0.00204506,0,0.00155904,0.00766156,0,0.0039707,0.000891513,0.0110282,0.00653519,0.058798,0.0713758,0.0883577,0.0895815,0.0181176,0.000313936,0.000377514,0.00074765,0,0,0,0.00122944,0.00650719,0.00161149,0.0091054,0.00311617,0.00326497,0.036895,0.00299816,0.0122619,0.00375725,0.00336638,0.00535296,0.00118809,0.00278635,0.00395842,0.00649193,0.000710218,0.000851408,0.00644994,0.00573361,0.00284402,0.00849972,0.00790535,0.000367028,0.00831674,0.0232774,0.00269848,0.00340141,0.00560375,0.00361948,0.00336064,0.00555839,0,0,0.0047627,0,0,0,0.00130417,0,0,0,0,0.00184657,0,0,0
0.0112705,0.0410903,0,0,0,0.0213573,0.0545335,0,0,0.0130528,0.0066418,0,0,0,0.0074734,0.00900889,0,0.00687951,0.0268343,0.0684315,0.121805,0,0,0.0696198,0.0329059,0,0,0.0202197,0.0112343,0.00867349,0.0252755,0,0.00533356,0.000609253,0.011717,0.0660875,0.268488,0.472566,0.32716,0.233451,0.0520259,0.0089022,0.0271572,0.0136522,0.0312428,0.0142129,0.0158517,0.00202851,0.00857132,0.0179865,0.0353597,0.166801,0.381728,0.690357,0.539163,0.790706,0.0914922,0.0103696,0.0173185,0.00371512,0.0231235,0.0183815,0.023377,0.0136297,0.0182217,0.00373268,0.0149613,0.101836,0.558271,0.621398,0.866395,1,0.0440704,0.0179801,0.0122322,0.00821765,0,0.00489874,0.0234791,0.0252746,0.00509991,0.017306,0.0257587,0.0269781,0.432797,0.425761,0.64477,0.391106,0.0635134,0.0087705,0.0232253,0.0380201,0.0142204,0.0392749,0.0088594,0.00414882,0,0.0241727,0.0193877,0.00642723,0.0910053,0.292931,0.179143,0.0502398,0.0185242,0.00923959,0.0396261,0.0130938,0.00839917,0.0251774,0.0095394,0.0156473,0,0.00702623,0,0.0142538,0,0.00376413,0,0,0.0115811,0.00582679,0,0,0.021342,0,0,0.0155848,0.00415241,0.00292539,0.0438862,0.0164822,0.0213034,0.0247068,0.0412761,0.0265678,0.0182153,0.0141419,0.00896336,0,0.00438839,0.0267459,0.00844528,0.0135533,0.00874405,0,0,0.00766347,0,0,0,0.0449093,0,0,0,0,0.0355808,0,0,0
0.553644,0.256443,0,0,0,0.13424,0.23396,0,0,0.413345,0.385362,0,0,0,0.339393,0.0685387,0,0.273345,0.210641,0.0753973,0.138274,0,0,0.0655717,0.209435,0,0,0.0567893,0.125187,0.0451174,0.0190966,0,0,0.101373,0.245088,0.177057,0.127532,0.0960184,0.122244,0.0587033,0.246829,0.0528316,0,0.0428615,0.0158335,0,0,0,0.179025,0.59494,0.685985,0.268409,0.103242,0.135829,0.174671,0.366996,0.0794236,0.159644,0.0356756,0.0657721,0.0760104,0.0186068,0,0,0.0555677,0.0309846,1,0.657756,0.489343,0.30702,0.492312,0.535118,0.21121,0.223641,0.0462252,0.0159176,0.011826,0.0341789,0,0.0300157,0,0.106496,0.549832,0.388772,0.930369,0.475358,0.507785,0.0896762,0.0891268,0,0.0188749,0,0.00679375,0.0148505,0.050905,0.0179614,0,0.0293987,0.0412266,0.0333169,0,0.00848036,0,0.0589617,0.0176258,0,0,0,0.131854,0,0,0.0332227,0,0,0,0,0.018975,0.0313399,0,0,0,0.0216474,0,0,0,0,0,0,0.0224836,0,0,0,0.0365136,0.0083301,0,0.0466397,0.0172182,0.0489437,0,0.0123861,0,0.00359165,0.0118453,0.0282017,0.00978596,0,0,0.0095594,0,0,0,0,0,0,0,0,0.0186897,0,0,0
0,0,0,0,0,0,0.00651096,0,0,0,0.00677225,0,0,0,0.00474615,0.00217847,0,0,0,0,0,0,0,0,0.0158393,0,0,0,0,0.026077,0.00797377,0,0.00833403,0.00859075,0,0,0.00535754,0.00812627,0.010605,0.0121458,0,0.0203117,0,0,0,0,0,0,0.0159225,0.00740508,0,0.0129,0.00441664,0,0.0146581,0.0749866,0.042554,0.0727498,0.0231013,0.00611271,0.00563886,0,0,0.0147537,0,0,0.00729849,0,0.0102073,0.0132832,0.0191629,0.102496,0.0267891,0.0101196,0.0985754,0.0960179,0.0186498,0,0.00222602,0,0.0207366,0,0.00354333,0.00701411,0.0475839,0.0895905,0.0979957,0.148382,0.320708,0.0651095,0.0287019,0.178068,0.0365061,0.0082666,0.013912,0.0258701,0.0153739,0.00902348,0,0,0.00633871,0.0398385,0.197073,1,0.712537,0.101805,0.0179391,0.0435138,0.032608,0.0243216,0.00614708,0.016503,0,0,0.0133986,0.00484421,0,0.0205854,0.17482,0.271697,0.223728,0.174377,0.0287924,0.051876,0.0087824,0.0114312,0,0.010417,0.0223468,0.00930507,0.0178258,0.00238381,0.0144391,0.143335,0.131031,0.450962,0.594724,0.183405,0.0594647,0.0824296,0.0612249,0.00746729,0.0483677,0.00649963,0.0292101,0,0,0.0624158,0,0,0,0.067347,0,0,0,0,0.0905871,0,0,0
0,0,0,0,0,0,0.020238,0,0,0.00228967,0.0246688,0,0,0,0.00789413,0,0,0.00287265,0,0,0,0,0,0.0299509,0.0217,0,0,0.00295484,0,0.0329343,0,0,0,0.00385911,0,0,0.0096763,0.000983087,0,0.0413348,0.0666749,0.136726,0.0186349,0.0170121,0,0.0115425,0,0,0.00443658,0.0193922,0,0,0,0.0166864,0.00791495,0.206669,0.0746153,0.0478594,0.493838,0.0545187,0.00638858,0.0144356,0,0.011226,0,0,0,0.00169274,0.0016817,0.0111884,0.0531507,0.140606,0.0372403,0.168903,0.0827879,0.462804,0.030269,0,0.0163975,0,0.00546022,0,0.00648775,0.000730904,0.00536577,0.0146048,0.118821,0.182936,0.1435,0.114817,0.0806143,1,0.859899,0.0251195,0.00849313,0,0,0.00325022,0.00337153,0.00825142,0.0127611,0.0014463,0.105316,0.194685,0.17746,0.13354,0.290568,0.537019,0.0740847,0,0.00617896,0.0228623,0,0.00728624,0,0.00363958,0,0,0,0.087658,0.0583991,0.147025,0.0506076,0.018354,0.010429,0,0,0,0.00899262,0,0,0.00886227,0,0.0431263,0.0213636,0.0309374,0.0332057,0.0366434,0.0383949,0.00495415,0.0066897,0.0143365,0.00253937,0.00642029,0.00853325,0,0,0.0194753,0,0,0,0.0372524,0,0,0,0,0,0,0,0
0,0,0,0,0,0,0.00536169,0,0,0.00257766,0,0,0,0,0,0.00160876,0,0,0.00264858,0.0027029,0,0,0,0,0,0,0,0,0.004515,0,0,0,0,0.00209429,0,0,0.00139083,0,0,0,0,0,0.000611107,0,0.00211886,0,0,0,0.00159874,0.000418363,0.00537968,0.00229762,0,0,0,0,0.00465688,0.0146647,0.00190498,0.00113847,0,0,0.00170463,0,0.00595672,0,0.00252298,0.00326282,0.00225983,0.00884347,0,0.00393718,0,0.00442234,0,0.00196293,0.00584125,0.00401639,0,0,0.00429949,0,0.000496505,0,0.0044277,0.00723965,0.0117903,0.0020256,0.0054545,0.00300225,0.00502222,0.00627544,0.0114696,0.0064899,0.00293277,0,0,0,0,0,0.00539847,0.00763287,0.000915227,0.00749126,0.00773217,0.066024,0.0687354,0.0957211,0.015789,0.00981196,0.00371665,0.00365554,0,0.00335393,0.00383956,0.000384667,0.00221546,0,0.0113695,0.0080688,0.0528859,0.128059,0.0946834,0.119672,0.174716,0.00392672,0.00611845,0.00554966,0.00355474,0.00222356,0.00260108,0.0021038,0.00221743,0.0117145,0.00966005,0.0713476,0.106383,0.128268,1,0.35419,0.181737,0.194097,0.010133,0.0035112,0.0167915,0,0,0.019973,0,0,0,0.224355,0,0,0,0,0.238417,0,0,0
0.0165301,0,0,0,0,0.00745259,0.00861243,0,0,0.00336608,0.0114269,0,0,0,0.0052562,0.00529268,0,0.000551373,0.00858474,0.00800708,0.0149019,0,0,0.0190447,0.0244429,0,0,0.0136456,0.0322139,0.00838166,0.0068188,0,0,0.0151631,0.0221407,0.00594033,0,0.00894345,0.0104996,0.0125375,0.0102467,0.0160011,0.00804725,0.000502481,0.00183692,0.00361672,0.00423085,0,0,0.00876841,0.00544236,0.00772839,0.0135252,0.0177029,0.0287428,0.015298,0.0469802,0.0500677,0.0202224,0.00979386,0,0.00306616,0.00379557,0.00234223,0,0.00558594,0.00675152,0,0.0136962,0.0130105,0.0154495,0.0354475,0.136085,0.251312,0.161614,0.0432286,0.0203534,0.00491894,0,0,0.0153962,0.00537658,0.0109174,0.00868636,0.0585216,0.0287865,0.0531685,0.0879834,0.452244,0.432502,1,0.431369,0.0424723,0.015115,0.0275185,0.00205597,0.00954237,0.0120655,0.00665703,0.0237142,0.0210573,0.0117934,0.0119695,0.145902,0.311724,0.586334,0.807548,0.677651,0.046024,0.0174134,0.0291191,0.0215128,0,0.0113465,0.0159346,0.0064156,0,0.00356777,0.0190417,0.107531,0.144612,0.185881,0.185775,0.156804,0.00668731,0.00189296,0.0237665,0.00196842,0.0154268,0.0109642,0.0043398,0.0274095,0.00899386,0.0126189,0.0311501,0.0794822,0.151662,0.359774,0.238556,0.082205,0.0462456,0.00392984,0.0415906,0.0119152,0.0122615,0,0,0.0058294,0,0,0,0.0546976,0,0,0,0,0.0450713,0,0,0
0.0175146,0.0128251,0,0,0,0.0149968,0,0,0,0,0.017751,0,0,0,0.0191889,0,0,0.00322715,0.0164542,0,0,0,0,0,0.00328065,0,0,0.00258934,0.0111931,0.0372376,0,0,0,0,0.0213398,0.0141836,0.00706423,0.0245972,0.0281496,0.00703361,0.00644329,0.00781825,0.0108763,0.0576225,0,0.00292957,0,0.0036985,0.0222713,0.0162406,0.0437617,0.0148845,0.0399018,0.0292077,0.0140645,0.0250063,0.0285729,0.005892,0.024095,0,0.0107173,0.00934088,0.00748515,0.00858465,0.00837321,0.0550293,0.0696966,0.0261798,0.153216,0.104983,0.0753247,0.0485804,0.0316196,0.0395209,0.0195669,0.041819,0.00974535,0.0277401,0.00648997,0.00449411,0.0607768,0.0649067,0.193094,0.29031,0.914327,0.616955,0.672855,0.5014,0.0640545,0.0399268,0.0348882,0.0530535,0.0166916,0.0108806,0.0130515,0.0406179,0.0843208,0.0271806,0.454165,0.51917,0.165601,0.806112,0.307894,0.287215,0.342245,0.0181763,0.0328818,0.0286036,0.0190269,0.0224298,0.0193234,0.0267216,0,0.0273634,0.293597,0.183504,0.581481,0.476572,0.409458,0.479568,0.302264,0.032867,0.014559,0.044093,0.0104235,0.0703024,0.038243,0,0.0115696,0.276213,0.430909,0.776024,0.963107,0.909829,0.543912,1,0.232205,0.221199,0.0825607,0.0531938,0.0334269,0.113569,0.0561909,0.0364202,0.418516,0,0,0.490436,0,0,0,0.479362,0,0,0,0,0.304634,0,0,0
0.147035,1,0,0,0,0.591777,0.382078,0,0,0.789828,0.409968,0,0,0,0.655147,0.747944,0,0.0939814,0.0455809,0.272192,0.452248,0,0,0.346582,0.316691,0,0,0.195794,0.744643,0.383484,0.714977,0,0.0210423,0.029858,0.0442952,0.0138876,0.0189243,0.0707636,0.348602,0.235898,0.406668,0.385607,0.362544,0.333124,0.459274,0.147431,0.0461587,0.040127,0.0383159,0.0392957,0.0491401,0.0528803,0.0654931,0.0424124,0.257727,0.631953,0.346387,0.525621,0.25736,0.393276,0.400653,0.102341,0.0910821,0.0443719,0.00980015,0.0361238,0.040228,0.00956754,0.0481057,0.0510587,0.0417274,0.276387,0.517638,0.845615,0.663528,0.358984,0.142081,0.00970698,0.0279882,0.0136089,0.0264201,0.0294784,0.0324445,0.0203403,0.0357309,0.0457358,0.0684431,0.0649887,0.120905,0.0626289,0.100453,0.0505184,0.0433319,0.0716017,0.0132215,0.0185791,0,0.00628798,0,0.0147672,0.011573,0.0156919,0.00690305,0.0476231,0.049127,0.043911,0.0578822,0.0320555,0,0.00899799,0.0144453,0.00632517,0,0.00455784,0.00707914,0.00120895,0.0154546,0.0219241,0,0,0,0.0186249,0.00760156,0.00538313,0.00406475,0.0122435,0.0202623,0.00955285,0.0433317,0.034724,0,0,0.033127,0.0278719,0.0244501,0.0381149,0.0321969,0.0162259,0.0180144,0.00787659,0.0330176,0.016795,0.0175193,0.00749649,0.00512859,0,0,0.0310315,0,0,0,0.000817275,0,0,0,0,0.0200207,0,0,0
0,0.0239405,0,0,0,0.00963263,0.0117712,0,0,0.0083224,0.0107737,0,0,0,0.00151189,0,0,0,0,0,0,0,0,0,0,0,0,0,0,0,0,0,0,0,0,0,0,0.00517138,0,0.0215945,0.0185097,0,0,0,0.00958621,0,0.0119778,0.00392261,0,0.00898467,0.0200465,0,0.00244495,0.00641638,0,0.0231556,0.131399,0.212012,0.0427111,0.01493,0,0,0.0183624,0,0,0.0069023,0,0,0,0.0144935,0.0553846,0.0539247,0.0761754,0.254006,0.203941,0.202646,0.00839436,0,0.00880656,0,0,0,0,0.0107735,0,0.0117437,0.201563,0.174774,0.0791485,0.0189116,0.0987806,1,0.239286,0.0292772,0.00194101,0.0199242,0,0,0,0,0,0.00814778,0.0966747,0.149471,0.0175043,0.0642978,0.0579975,0.773134,0.023375,0.0239388,0.00216301,0.00846105,0,0,0.00993772,0.0072826,0,0,0.0671811,0.163281,0.0376642,0.0123421,0.199542,0.0596377,0,0.00237929,0.0607876,0.00247746,0.00156894,0.0234738,0.00776428,0,0,0.00916073,0.00680811,0.133417,0.195334,0.181165,0.10142,0.127477,0.00856217,0.0332101,0,0.0236499,0.0187433,0,0,0,0,0,0,0.0265708,0,0,0,0,0.031525,0,0,0
0.00306243,0.00991093,0,0,0,0.00272297,0.00126861,0,0,0,0.00119894,0,0,0,0.0049023,0.0056206,0,0.0146962,0.00137996,0.00537418,0,0,0,0.00381595,0.00168222,0,0,0.0039575,0.0058899,0.00482476,0.00918103,0,0,0,0.00150625,0.000483165,0,0.00281548,0,0.00284136,0,0.0033174,0.00247173,0.00206347,0,0.00213137,0,0,0.00620104,0.00409064,0.00313583,0.00986979,0.00165802,0.00182074,0.00357216,0.00791803,0.0116487,0.0274179,0.0113141,0.00912965,0.00780061,0.0230495,0.00630657,0.00383733,0.00331144,0.00410052,0.00369176,0.00646843,0.00338681,0.00146971,0.00316171,0.00498935,0.00879111,0.0453456,0.0628761,0.0640464,0.0134874,0.00055224,0.00179508,0,0.0165721,0.00537524,0.00201474,0.00830148,0.0037547,0.00682252,0.00639997,0.00525649,0.0465498,0.200309,1,0.671061,0.172997,0.0147858,0.011182,0.0127463,0.0179169,0.00697216,0.00101996,0.000906472,0.00441767,0.00603667,0.0143553,0.0112031,0.0952427,0.456231,0.400811,0.976957,0.179473,0.0306589,0.0106785,0.00714665,0,0.00129634,0.00173768,0.00442074,0.00178403,0.0052247,0.00716516,0.0136073,0.117766,0.214629,0.0917839,0.215849,0.106369,0.0159797,0.0028861,0.0102202,0.0255702,0.00316412,0.00919486,0.0054601,0.002097,0.0151888,0.012483,0.0355433,0.0643224,0.204767,0.29632,0.198465,0.206518,0.0294058,0.00972076,0.0161794,0.0223124,0,0,0.0107195,0,0,0,0.0244936,0,0,0,0,0.0290466,0,0,0
0.00640561,0,0,0,0,0.00140232,0.00861909,0,0,0.00347481,0.00293755,0,0,0,0,0.00350359,0,0.00169039,0,0.00182727,0.00255763,0,0,0.0109639,0.00554421,0,0,0.00557284,0,0.00360343,0,0,0,0.000823086,0.00469007,0.0024242,0,0.000680944,0.00521405,0.0162435,0,0,0,0.00259599,0.00453278,0.000866876,0,0.00160022,0.000503031,0.00164179,0.0024903,0.00322381,0.000986784,0.00734123,0.00707869,0.00425533,0,0.00146877,0,0,0.0122921,0,0,0.00954561,0.00854086,0.00436194,0.00419018,0.00310457,0.0028184,0.014003,0.00676063,0.0178977,0.0168224,0.00514608,0.00535614,0,0,0.00387132,0.00364815,0.00649775,0.00358505,0.00132934,0.0287926,0.00790195,0.019333,0.0129862,0.113481,0.257324,0.247355,0.0470882,0.0263692,0.00578222,0.0154794,0.00846798,0.00792868,0.00321949,0.00176668,0.00517245,0.00877156,0.00318028,0.00445409,0.0319384,0.240489,0.899913,1,0.277749,0.0137555,0.00250902,0.00751238,0.00439503,0.00233481,0.00105792,0,0.00549125,0.00542746,0.00300012,0.00902172,0.0192629,0.281798,0.27633,0.233074,0.285162,0.0233175,0.0138902,0.0022552,0.00282821,0.00371521,0.011858,0.00449303,0.0137202,0.0162454,0.00387469,0.0256394,0.0371772,0.230866,0.384321,0.495332,0.199146,0.0627024,0.0220722,0.0109089,0.000558893,0.00620991,0.00445133,0.0179267,0,0,0.0191779,0,0,0,0.0488607,0,0,0,0,0.0118428,0,0,0
0.0129118,0.00361872,0,0,0,0.0143129,0.0143748,0,0,0.0079124,0.0188215,0,0,0,0,0.00192225,0,0,0.0073828,0.00988237,0.00212787,0,0,0.0195845,0.0307998,0,0,0.0174292,0.0141112,0.0132778,0.00733647,0,0,0.00631344,0.00653649,0.00425949,0.00567409,0.0206712,0.0901619,0.0534213,0.0625707,0.088913,0.00424579,0.00445801,0.00219101,0.00480707,0.00267932,0.00301602,0.00102963,0.00774614,0.00624617,0.0119466,0.00645461,0.140804,0.317967,0.244566,0.0681648,0.161649,0.0481383,0.0239878,0.0184943,0.00226336,0,0.00546936,0.00660437,0.00144938,0.00504097,0.00357379,0.0438397,0.118603,0.55827,1,0.170993,0.13513,0.0361038,0.00485275,0,0.00224784,0.00307746,0.00656037,0.0101508,0.0057111,0.0064774,0.0100645,0.0288108,0.11051,0.444559,0.311902,0.0782833,0.256031,0.0304654,0.00648829,0.0108283,0.00685177,0.00669719,0.00141548,0.00367183,0.00422741,0.0132036,0.00595719,0.0102348,0.0678709,0.0926848,0.153654,0.101576,0.0538958,0.00256984,0.0100125,0.00209083,0.00270183,0.00184938,0.00952673,0,0,0.00153324,0.0100393,0.00315388,0.00295433,0.0440728,0.0426662,0.0190142,0,0.00298245,0.00915728,0,0.00764038,0.00273756,0.00120594,0.00670956,0.00381247,0.0075858,0.00201964,0.00721959,0.0182506,0.0159141,0.0158634,0.00721243,0.00836017,0.00906273,0.00340159,0.00577286,0.01054,0.0117485,0.00490243,0.00607848,0,0,0.0185858,0,0,0,0.0243363,0,0,0,0,0.00326897,0,0,0
0,0.00315641,0,0,0,0.00527983,0.00812745,0,0,0.0132495,0.00047601,0,0,0,0,0,0,0.00218746,0.00171097,0.000259589,0.00598144,0,0,0.011026,0.0133104,0,0,0.0133714,0.00212065,0.011526,0.00313289,0,0.00538463,0.0017906,0.00084294,0,0.0026656,0.00200693,0,0.00509074,0.0126152,0.011536,0.0139514,0,0,0.00440522,0.00378059,0,0.00307712,0.00846596,0.00987415,0.00102809,0,0.00399107,0.0192158,0.0772073,0.118891,0.102651,0.0163506,0.00269851,0.00897393,0.00745172,0.00735045,0.00983593,0.00650375,0.00199536,0.00441711,0.0193764,0.00548324,0.00490227,0.0501665,0.257414,0.304925,0.271714,0.0552062,0.00466474,0.00541838,0.00286591,0,0.00168609,0,0.00585415,0.00632168,0.00338513,0.0130531,0.00777527,0.0978632,0.235217,1,0.311842,0.108464,0.0122756,0.00893359,0.00331562,0.00888028,0.00448751,0,0,0.000614586,0.0045433,0.00441142,0.0111698,0.0293169,0.167864,0.204613,0.176377,0.0461792,0.000815889,0.000569367,0.0033317,0.0142426,0.00104356,0,0,0,0.00204081,0.00344608,0.0035538,0.00840361,0.0615771,0.0720826,0.0646618,0.00198316,0,0.000721773,0.00217404,0.00372621,0,0.000317249,0.00276044,0,0.00377083,0.027932,0.00656942,0.00473646,0.0168773,0.0114255,0.00768908,0.00649472,0.0080446,0.00165551,0.0177813,0.00288398,0.0080105,0.00498912,0,0,0.00278205,0,0,0,0.0100966,0,0,0,0,0.00848931,0,0,0
0.00113371,0.00285535,0,0,0,0.0133478,0.0255993,0,0,0.135221,0.117724,0,0,0,0.0485959,0.0122637,0,0.00612854,0.003462,0.0026938,0.0058654,0,0,0.0256082,0.127439,0,0,1,0.374388,0.195765,0.0457728,0,0.00334126,0.00332403,0.00794471,0.00378683,0.00333468,0.0022108,0.00477836,0.0104795,0.0453494,0.145875,0.249527,0.36168,0.0331382,0.0133714,0.0060208,0.00434149,0.00272645,0.00140477,0.00215217,0.00690414,0.00434904,0.00228166,0.00538009,0.00643508,0.0103809,0.0257938,0.0475409,0.0409401,0.0117019,0.00774929,0.00390898,0.00159705,0.00395009,0.00624911,0.00161353,0.00251607,0.00180569,0.00383113,0.00416618,0.00766195,0.00582749,0.00725833,0.0074008,0.00619956,0.00596373,0.00180553,0.00420372,0.0034035,0.00384996,0.00446212,0.00433187,0.00354041,0.00346813,0.00423869,0.000519683,0.000363859,0.00401208,0.00112972,0.00169343,0.00207675,0.00558397,0.000602535,0.00767605,0.00058107,0.0015614,0.000836521,0.00300355,0.00176787,0.000212173,0.00316025,0.0010794,0.00351186,0.00080639,0.00164778,0.00284302,0.000905933,0.000890328,0.00178643,0.00433378,0.00179967,0,0.00295285,0.000605819,0.00170641,0.00105087,0.00123611,0.00126544,0.000815618,0,0,0,0,0.000597674,0,0.000550501,0.000935299,0.00166043,0.00177636,0.00364592,0.0020798,0.000702828,0.00125925,0.00219772,0.00217153,0.00365887,0.00129913,0.00191475,0.00125406,0.00119834,0.00277634,0.00204817,0.00190824,0.00230566,0,0,0.00113045,0,0,0,0.001518,0,0,0,0,0.00226438,0,0,0
0.0216832,0.0458396,0,0,0,0.0688808,0.0695454,0,0,0.0473882,0.0608788,0,0,0,0.0291947,0.0202075,0,0.0425296,0.00526514,0.0337986,0.0819032,0,0,0.0658166,0.0616914,0,0,0.0445837,0.0410242,0.0339179,0.0263712,0,0.0234212,0.0113108,0.0216232,0.033445,0.0834704,0.138214,0.231156,0.445269,0.417658,0.193957,0.0457127,0.0374702,0.0195108,0.00490899,0.0108875,0.00915352,0.0371541,0.0249665,0.0340482,0.0364856,0.0791384,0.39743,0.524987,0.486533,0.486081,0.416951,0.114562,0.0638262,0.0687879,0.0104109,0.023191,0.0305443,0.0237657,0.00674296,0.0251516,0.033125,0.212185,0.307024,0.65265,1,0.587695,0.739062,0.272283,0.0649593,0.0183004,0.0185599,0.0426631,0.011817,0.0258927,0.04561,0.0565287,0.0444711,0.0889788,0.343183,0.7741,0.229516,0.64428,0.486596,0.245096,0.053726,0.0281029,0.0398512,0.00784475,0.0136445,0.0282582,0.0105458,0.0108282,0.0188575,0.0519026,0.189077,0.429784,0.421022,0.396852,0.222155,0.0611857,0.0162617,0.0137989,0.0129586,0.0236343,0.0239789,0,0.0100067,0.00313461,0.0172317,0.00669342,0.0291242,0.0828537,0.141085,0.120035,0.103139,0.019863,0.0047641,0.00490255,0.0188582,0.0116966,0.00814703,0.0116812,0.00502573,0.00375383,0.0213331,0.023047,0.0533877,0.109261,0.0722438,0.0834043,0.0494464,0.0325334,0.0617456,0.0168333,0.0130909,0.0196414,0.0207576,0.0364979,0,0,0.0176683,0,0,0,0.0538473,0,0,0,0,0.0283264,0,0,0
0.0302396,0.0180823,0,0,0,0.0214128,0,0,0,0,0,0,0,0,0.0289087,0.0187034,0,0,0.0370201,0.0171402,0.021037,0,0,0,0,0,0,0.0334818,0,0.00861341,0,0,0.0103725,0,0.0158672,0,0.00644461,0.00769701,0,0,0.0168498,0,0,0,0,0.0154677,0,0.0317826,0,0.00841909,0.0106619,0.00989397,0,0,0.0016071,0,0.0211764,0.0103199,0.00884338,0,0.00883609,0.00253669,0.0111654,0.0173582,0,0.0254191,0.0233433,0,0.00742928,0.00865402,0,0.00200343,0,0.00782844,0,0.0121802,0,0.0526084,0.105454,0.0194604,0.0140263,0,0.0243839,0.00682081,0.0306421,0,0.0205022,0.0179365,0,0,0.0174123,0.00660423,0.0551573,1,0.136463,0,0.0054325,0.0123069,0,0.0126917,0.0194607,0.0118154,0,0,0.0159616,0,0.0188733,0.018968,0.0234174,0.107202,0.150414,0.0197804,0,0,0.0103346,0.0136778,0,0.0218126,0.0324454,0.00912752,0.00416648,0.0131269,0,0.0253993,0,0.0129553,0.0222422,0,0.0352849,0.031471,0.0685356,0.029429,0.0205454,0.023646,0.0170463,0,0.01803,0,0.00358068,0,0.00926512,0.0168111,0.0420982,0.0616876,0.0618806,0,0,0.00834212,0,0,0,0.05167,0,0,0,0,0.0211143,0,0,0
0.0054322,0.00741511,0,0,0,0,0.00649262,0,0,0.00551345,0,0,0,0,0.00810033,0,0,0,0.00347998,0,0.045527,0,0,0,0.0250449,0,0,0.0348871,0.0158425,0,0,0,0,0,0,0,0,0,0,0,0,0.0045281,0.00312716,0.00441266,0.00544225,0.0112791,0.00525321,0,0,0.0052564,0.00240045,0,0.0220732,0.0102161,0.0283535,0.010629,0.0310312,0.00960356,0.0189325,0,0,0.0123669,0.0060377,0,0.0163353,0,0.00976566,0.0058986,0.0145187,0.0214768,0.183365,0.338229,0.0937884,0.0343084,0,0.00487685,0.011412,0.00422444,0.00333224,0.0022257,0.0123255,0,0.0154334,0.00707974,0.307635,0.39265,0.605191,0.233419,0.461872,0.248659,0.0570225,0.00277515,0.0537197,0,0.00814044,0.00253058,0.00867393,0.0175223,0,0.0552317,0.716115,1,0.392468,0.36328,0.155017,0.485453,0.0878718,0.0432581,0,0.0151109,0.00501204,0.00117536,0,0.0171838,0.00710097,0.0307277,0.330094,0.632736,0.123148,0.069037,0.151124,0.19082,0.0202396,0.0268087,0.0176539,0.0060742,0.0068387,0.0219224,0.030352,0.01995,0.0204228,0.023496,0.581087,0.85262,0.446976,0.40223,0.311636,0.491764,0.135978,0.0482359,0.00326915,0.013592,0.00137584,0.0179661,0.0132176,0,0,0.268803,0,0,0,0.674867,0,0,0,0,0.0544741,0,0,0
0.00251833,0.00213942,0,0,0,0.00432591,0.00496449,0,0,0.00219038,0.00403138,0,0,0,0.00142408,0.00117568,0,0.00125719,0.00330329,0.00175825,0.00132555,0,0,0.00159341,0.0038655,0,0,0.00511694,0.000722239,0.00225301,0.000600584,0,0,0,0,0,0.000784542,0.000466259,0.00137646,0.00333146,0.00118055,0.00286571,0.00151715,0.00136993,0.000140565,0.000589264,0.00132475,0.00124281,0.00283041,0.00226166,0.000908047,0.00348955,0.00106248,0.00321588,0.00338973,0.000559367,0.00189228,0.00329693,0.00219332,0.00234494,0.0029837,0.00181245,0.000821485,0.00195861,0.0100318,0.00296316,0.00511786,0.000500953,0.00451921,0.00274555,0.00430575,0.00756015,0.00417605,0.00509981,0.00336084,0.00301207,0.00360488,0.00103161,0.00166155,0.00255025,0.0341749,0.0189914,0.0131201,0.0056028,0.00920494,0.0030697,0.00788077,0.00834703,0.006883,0.00385027,0.00738756,0.00562267,0.0106308,0.00765066,0.01276,0.012793,0.116544,0.196052,0.053556,0.0192122,0.00649342,0.0138779,0.00750967,0.00402641,0.0073895,0.00362152,0.0100085,0.00928346,0.00748611,0.0146902,0.0220208,0.101779,0,0.31263,0.161638,0.0840568,0.0170983,0.0144102,0.00529255,0.00440747,0.00290078,0.00538894,0.004214,0.0121535,0.00545224,0.0096156,0.0397446,0.0868768,0.741842,1,0.561243,0.326282,0.132114,0.0409146,0.0105442,0.0126724,0.0146181,0.00884002,0.00860286,0.00986869,0.0146485,0.0422127,0.190851,0.458639,0.528163,0,0,0.307499,0,0,0,0.0598564,0,0,0,0,0.0508522,0,0,0
0.00295077,0.00888567,0,0,0,0.0128527,0.0252755,0,0,0.0430658,0.00978566,0,0,0,0.00948381,0.0042757,0,0.0018514,0.0091419,0.0177036,0.0454481,0,0,0.0621476,0.025418,0,0,0.0216315,0.00992113,0.0061019,0.00325943,0,0.00606678,0.00297153,0.000185232,0.00408773,0.0106755,0.0612192,0.0650903,0.0938049,0.0962242,0.0586025,0.00952024,0.00603325,0.0061091,0.0166751,0.00267165,0.00510232,0.00428608,0.00647336,0.00488186,0.0151979,0.0514764,0.133761,0.127845,0.175373,0.139012,0.111647,0.0172759,0.00102197,0.00336595,0.00982949,0.00499276,0.00315876,0.00892524,0.00153089,0.0083531,0.0160825,0.152973,0.165636,0.581177,0.321315,0.199516,0.20506,0.0221524,0.00571672,0.00768457,0.0100308,0.00735384,0.010479,0.00771639,0.00690289,0.0110718,0.0240655,0.170406,0.35499,1,0.417337,0.287615,0.12896,0.0374926,0.00846984,0.0107862,0.00677203,0.00717876,0.003847,0.00734325,0.00687455,0.00758086,0.00847489,0.0350546,0.0676366,0.220101,0.218092,0.154981,0.0672905,0.0177647,0.0105072,0.00618167,0.00924663,0.0056019,0.00259406,0,0.00386622,0.00289489,0.00495699,0.00425682,0.00804267,0.0409482,0.0348684,0.059133,0.00416665,0.00744757,0.00237842,0.00327331,0.00359685,0.010491,0.0061585,0.0113011,0.000996905,0.00936281,0.0174312,0.00957703,0.0103719,0.00767072,0.0267698,0.0228658,0.0258024,0.0110737,0.0125211,0.00947922,0.00521172,0.00545133,0.00579613,0.00992923,0,0,0.0166265,0,0,0,0.017206,0,0,0,0,0.018352,0,0,0
0.00413052,0.0069386,0,0,0,0.00676721,0.00655234,0,0,0.0111648,0,0,0,0,0.0150866,0.00282706,0,0.00241609,0.00327267,0.00132966,0.0027628,0,0,0.00513014,0.0102646,0,0,0.00846369,0.00139076,0,0.00471523,0,0.00184637,0,0.00537001,0.00393202,0.002412,0.00538333,0.007019,0.0570947,0.0185027,0.0338535,0.00650885,0.00207839,0.00296768,0,0.00398895,0.00076471,0.00061122,0.00568987,0.00447252,0.00334538,0.00283355,0.0159892,0.00649431,0.0531869,0.0169914,0.0626604,0.0404169,0.036184,0.00603368,0.008485,0.00269762,0.00479749,0.00273675,0,0.0041664,0.00466532,0.0233262,0.000599087,0.0151818,0.0717499,0.0541389,0.135232,0.25008,0.070691,0.00308659,0.0019393,0.00827934,0,0.00400311,0,0.00257041,0.00134516,0.0192476,0.00423651,0.00655253,0.038675,0.13256,0.223456,1,0.453796,0.118907,0,0.00219493,0.00167249,0.00306473,0.000914278,0.011303,0.00383723,0.00230291,0.00478136,0.00505269,0.0115508,0.084088,0.0982946,0.115621,0.0645234,0.00491892,0.00263367,0.00439953,0.000213728,0,0,0,0.00233959,0.00382035,0.0103045,0,0.00170028,0.00632917,0.00364151,0.00174024,0.00150731,0.0019913,0,0.00128267,0,0.00118944,0,0.000878701,0.00338568,0.00196367,0.0144408,0.00478464,0.00554512,0.00765814,0.00893738,0.00298539,0.00565103,0.00132,0.00304758,0.00254653,0,0.00246246,0,0,0.00301489,0,0,0,0.00322797,0,0,0,0,0.0106535,0,0,0
0.0023084,0.00219087,0,0,0,0.0045396,0,0,0,0.00254885,0.00221763,0,0,0,0.0252842,0.00346038,0,0,0.00287314,0.00442397,0.0062369,0,0,0.00257254,0,0,0,0.00604956,0.00613872,0.00538381,0.0229745,0,0,0.00515784,0,0,0.00353811,0.00383323,0.00725173,0.0137817,0.0034851,0.00482805,0.00814936,0.0080746,0.00528425,0.00823469,0.00293927,0.00391889,0.0228953,0.00339783,0.00410603,0.0131378,0,0.00158711,0,0,0.0096478,0.00653652,0.00420236,0.0246874,0.00986427,0.013024,0.00930749,0.00453246,0.00782919,0.00179723,0.0089205,0.00584942,0.0100625,0.00455428,0.00852321,0.0116374,0.00542644,0.0111595,0.00918866,0.0742301,0.191316,0.0137286,0.00999351,0.00290092,0.00780388,0.00163882,0.0197656,0.0062358,0.0113039,0.00110442,0.00470558,0.011109,0.0217402,0.0298181,0.322219,1,0.707429,0.535499,0.0674192,0.00844224,0.0122994,0.00721482,0.00951266,0.00647394,0.00212748,0.00744798,0.0105374,0.00759163,0.00593729,0.0454394,0.493307,0.363153,0.357154,0.496413,0.0353311,0.0133674,0,0.00277248,0.00802432,0.00570316,0,0.0109975,0.00337688,0.0025116,0.0237061,0.017305,0.206275,0.131084,0.146335,0.138448,0.0184042,0.00927314,0.00480275,0.00601836,0.00756224,0.00633469,0.00701226,0.0204378,0.00599236,0.0167284,0.0202092,0.0931665,0.0813181,0.344591,0.373459,0.120143,0.0453754,0.0246,0.0101712,0,0,0.0200674,0,0,0,0.0387872,0,0,0,0,0.06082,0,0,0
0.021127,0.0146569,0,0,0,0.0579824,0.409638,0,0,0.186931,0.103405,0,0,0,0.0183458,0.0296147,0,0.0219096,0.0475146,0.0845686,0.331663,0,0,0.315234,0.356161,0,0,0.11771,0.0575251,0.0243345,0.0247904,0,0,0.00890674,0.00251613,0.0217074,0.0352994,0.465603,0.133915,0.223283,0.187039,0.11163,0.108453,0.0438539,0.0248849,0.0170653,0.05996,0.0671297,0,0.0294835,0,0.0449041,0.0444819,0.52431,0.15992,0.710198,0.250329,0.169327,0.13733,0.0322491,0.0136674,0.0483474,0,0.0293164,0.0345823,0,0.0152428,0.0166428,0.198067,0.553694,0.175229,0.433425,0.152704,0.756995,0.0302437,0.00737465,0.0171701,0.0788533,0.0206091,0.0057964,0.0281718,0.0168315,0.00926164,0.18733,0.195296,0.209623,1,0.560811,0.751101,0.41317,0.0752506,0.0514401,0.0556408,0.0385705,0.0758251,0.0166394,0,0,0.0304851,0.113419,0.019681,0.0320238,0.124115,0.384691,0.221694,0.0675232,0.0876324,0.0170846,0.109736,0.0179146,0.0322657,0,0,0.0114516,0.0491921,0.0856642,0,0.00180355,0.0127462,0.122144,0.020091,0.0485959,0,0.0356483,0.000878966,0,0.00172077,0,0.0110278,0.0147592,0.00650289,0.165097,0.0943661,0.105238,0.13649,0.0499294,0.00905673,0,0.0497714,0.0369086,0.0398837,0.00882775,0,0.0173346,0.0546538,0,0,0.044702,0,0,0,0.0711138,0,0,0,0,0.0329776,0,0,0
0,0.00190096,0,0,0,0.00866633,0.0244802,0,0,0.0032532,0.00333214,0,0,0,0.0209052,0,0,0.00820018,0,0.00986537,0.0146227,0,0,0.00684817,0.0131547,0,0,0.00625158,0.0109124,0.000785843,0.000489324,0,0.00372164,0,0.00360636,0.00913385,0.00542197,0.00683595,0.00188388,0.00975287,0.00544705,0.0126235,0,0.00412124,0.00398591,0.0142072,0.0225376,0.00707595,0.00830873,0.00619241,0.00109977,0.00860301,0.00404415,0.00673112,0.00228601,0.00785242,0.0206719,0.0422837,0.0264417,0.0164948,0,0.00852814,0.00309983,0,0.00883541,0.00604394,0,0.000652829,0.0108861,0.00741076,0.0108848,0.0769896,0.322099,1,0.218842,0.0230204,0.0137413,0.00277442,0.00895324,0.00643117,0.0095382,0.00283489,0.0165872,0.00549245,0.0226407,0.0169583,0.0679584,0.14831,0.881758,0.963539,0.746059,0.0453421,0.00742027,0.00571678,0.00374497,0.00256006,0.0105072,0.0116726,0.00344773,0.00697603,0.0127626,0.0204533,0.0221502,0.196378,0.402018,0.353744,0.220816,0.0459369,0.0115959,0.00447612,0.024298,0.00300357,0,0.00450814,0.00501268,0.0019579,0,0.0129885,0.0210187,0.0620889,0.0473025,0.109892,0.0261947,0.0109301,0.0121105,0,0,0,0.00220364,0.00347171,0.0347572,0.0393105,0.0167509,0.0220746,0.0189147,0.0575182,0.0571389,0.165223,0.0589731,0.0150456,0.00904505,0.00898784,0.0154957,0.00870698,0.0116192,0,0,0.020543,0,0,0,0.0522858,0,0,0,0,0.0436519,0,0,0
0,0.0188482,0,0,0,0.00708311,0,0,0,0.0228025,0.0940012,0,0,0,0.0433322,0.018879,0,0.0249085,0,0,0,0,0,0.0210603,0.110898,0,0,0.0156917,0.0303389,0.0273285,0.0414131,0,0,0,0,0,0.016062,0.0224037,0.0372376,0.35499,0.165107,0.083605,0.0120462,0,0,0,0,0.00397909,0.073545,0,0.0193519,0.0249852,0.0719792,0.163833,0.572755,0.377055,0.183987,0.594785,0.074637,0.0407904,0.0137279,0.0304151,0.0183149,0.016644,0,0,0.0929747,0.0348699,0.196151,0.130643,0.703285,0.415159,0.757749,0.825112,0.112936,0.023963,0.0343066,0.0181793,0.0310709,0,0.0963538,0,0,0.0172872,0.10662,0.286618,1,0.885638,0.781652,0.587184,0.246768,0.155841,0,0.0380208,0.022941,0.00963147,0.00864645,0.0163706,0,0.0373983,0.0431885,0.0814841,0.63619,0.395309,0.419553,0.486501,0.247811,0.0956681,0.0712279,0.0264131,0.027923,0,0,0,0.0299632,0.00729122,0.0443643,0.023401,0.628011,0.216863,0.230923,0.235535,0.0774797,0.0291275,0.0196216,0,0.00120952,0.0177334,0.0191682,0,0.0134856,0.0165099,0.0657188,0.128818,0.259902,0.220529,0.209179,0.354976,0.126787,0.245414,0.018801,0.0147225,0.0194158,0.0200819,0.00424489,0,0,0.0383543,0,0,0,0.242324,0,0,0,0,0.0895488,0,0,0
0,0.00701175,0,0,0,0.0124543,0.00393945,0,0,0.00463606,0,0,0,0,0.00278128,0.00499373,0,0,0.00668449,0,0.0268859,0,0,0,0.0038189,0,0,0,0.00458085,0.0024261,0.00225458,0,0.00850682,0.00908335,0.0151274,0,0.00684655,0,0.0176105,0.0124053,0.00125977,0,0.00216309,0.00446996,0.00169943,0,0.00054976,0.00981212,0.0240813,0.0287705,0.0174133,0.005951,0.00756634,0.00541548,0.013482,0.000997058,0.00268374,0.00904196,0.00307197,0.00533544,0,0.0116843,0.00845652,0.00356126,0.0731457,0.0638141,0.013221,0.00912798,0.0153765,0.0243816,0.0131503,0.0206677,0.0431323,0.0197053,0.0150042,0.0108007,0.00654868,0.00265003,0.0254366,0.044064,1,0.507467,0.101898,0.0434542,0.0356195,0.0111404,0.0236034,0.0275229,0.0245719,0.00448749,0.00301212,0.0214262,0.0439659,0.0565225,0.302313,0.607512,0.398471,0.371978,0.442134,0.240472,0.0333151,0.0316194,0.0250105,0.0174861,0.0147434,0.00820605,0.0223837,0.0254741,0.0300682,0.129666,0.557365,0.577407,0,0.0782463,0.241489,0.148355,0.0148144,0.0401261,0.00589287,0.0177437,0.0223352,0.000525722,0.00961332,0.034662,0.0489174,0.227312,0.146062,0.15923,0.202926,0.180835,0.20624,0.467469,0.382988,0.271441,0.0938899,0.0724014,0.0643437,0.090762,0.111742,0.135786,0.438668,0.533838,0.171407,0.154579,0.40272,0,0,0.444025,0,0,0,0.406362,0,0,0,0,0.575508,0,0,0
0.0246648,0,0,0,0,0.0137027,0.0188688,0,0,0.00405941,0.0123569,0,0,0,0.0127431,0.0137234,0,0.00345026,0.00921036,0.00949331,0.00781039,0,0,0.00596387,0,0,0,0.014334,0,0,0.0017408,0,0.00397013,0,0,0,0.00606106,0.0136378,0,0.022055,0.002124,0.00414844,0,0,0,0.00946972,0,0,0.00100103,0.00560172,0.00607886,0.000706526,0.0161098,0.019561,0.0355148,0,0.0093776,0.00249026,0.00101406,0.00945682,0,0.0064435,0.00342832,0.00170757,0.00945147,0.00523239,0,0.00686397,0.000790266,0.0244318,0.0124127,0.0171271,0.0498293,0.0582341,0.0494045,0.00728649,0.0224653,0.00532463,0.0256183,0.00151582,0.0230092,0.0345602,0.0187008,0.00752711,0.0126497,0.033381,0.119873,0.123543,0.183072,0.166375,0.109491,0.122511,0.0558686,0,0.0745649,0.0236741,0.0344355,0.0292836,0.0238134,0.00797796,0.00761564,0.0591217,0.127224,0.0736087,0.150637,0.16316,0.153637,0.191084,0.124769,0.0448255,0.0416185,0.0147478,0,0.00620309,0.00882433,0.00763041,0.00969332,0.146742,0.0725023,0.0895778,0.214785,0.19166,0.142683,0.220813,0.0706569,0.0434931,0.0229702,0.00988176,0.0497409,0.0423167,0.0532251,0.0504822,0.334801,0.326168,0.216768,0.469375,0.225594,0.322623,0.509224,0.166193,0.486163,0.502453,0.128909,0.0829009,0.924399,0,0,0.428661,0,0,0,1,0,0,0,0,0.235759,0,0,0
0,0.0241116,0,0,0,0.0593544,0.106391,0,0,0.0601409,0.0178487,0,0,0,0.067519,0.0331893,0,0.0399194,0.025104,0.0711267,0.0915193,0,0,0.0537613,0.10602,0,0,0.0424741,0.00718659,0.0355586,0.0235326,0,0,0.0179162,0.0203588,0.0125064,0.218845,0.38976,0.324668,0.48168,0.34681,0.0294004,0.076416,0.0277431,0,0,0.013326,0.0870512,0.0928997,0.0595356,0.0588195,0.0973314,0.870311,0.797659,0.325232,0.533361,0.348285,0.304895,0.0864931,0.0525991,0.0346874,0,0,0.106461,0.011206,0.0631442,0.0545356,0.196301,0.339497,0.180204,0.623453,1,0.637281,0.51863,0.120783,0.0192112,0.0565505,0.0189368,0.0280589,0.0111108,0.0324868,0.0604609,0.116859,0.242529,0.381745,0.262346,0.708115,0.621683,0.542762,0.368864,0.134919,0.0736857,0.0209644,0.019043,0.0827922,0.0102273,0.0491742,0.00441341,0.0273988,0.167471,0.340749,0.689077,0.186725,0.208203,0.435152,0.396944,0.0941992,0.067895,0.00978742,0.0464832,0.0174851,0.0131123,0,0.0895954,0.0488646,0.0658571,0.416105,0.2519,0.120491,0.0489368,0.141865,0.170203,0.0379427,0.0111587,0.00511235,0.0119275,0.0117988,0,0.0979348,0.0730996,0.00921271,0.250709,0.131637,0.5522,0.413381,0.379963,0.468195,0.137889,0.0869399,0.0623324,0.0241503,0.036448,0.0193981,0.00288177,0.0300893,0,0,0.219262,0,0,0,0.177732,0,0,0,0,0.140112,0,0,0
0.00535777,0.00975348,0,0,0,0.00509912,0.00398389,0,0,0.0329116,0.0095867,0,0,0,0.0185932,0.00658881,0,0.0192539,0.0252474,0,0.000954941,0,0,0.0306723,0.0269368,0,0,0.000613517,0.00898757,0.00597255,0.00827815,0,0,0.00684005,0.0100612,0.0116367,0.0145731,0.00731523,0.0181303,0.148896,0.164967,0.172898,0.00938249,0.0171009,0.0128146,0,0.0148119,0.0216208,0.0105825,0.00640138,0.0245585,0,0.0141328,0.0242987,0.303331,0.208172,0.258335,0.183938,0.246998,0.03477,0.0045079,0.0542346,0.0113023,0.00391989,0,0.00374398,0.0110236,0.011698,0.0188097,0.0509421,0.306891,0.359841,0.311982,0.544901,0.525924,0.087743,0.0216422,0.0170115,0.00612589,0.0176885,0.0328289,0,0.0120538,0.00604764,0.0350187,0.0354694,0.58936,0.331204,0.229872,0.314226,0.798085,0.655479,0.0887527,0.0141229,0.017332,0,0.0156191,0.0251899,0.0273146,0.0132715,0.0599553,0.0876839,0.485487,0.241542,0.318012,0.306746,1,0.605216,0.0538598,0.0216098,0.0126607,0.0461933,0,0.0107641,0.0259951,0.00872914,0.0198822,0.0541488,0.248493,0.22634,0.14595,0.194309,0.349557,0.156133,0.027976,0.0341948,0,0.0118399,0.0381455,0.0545493,0.0253329,0.0190943,0.0429522,0.0616107,0.111445,0.411356,0.605343,0.486354,0.330015,0.0842261,0.0376375,0.0355388,0.00454196,0,0.0423076,0,0,0.100579,0,0,0,0.13943,0,0,0,0,0.139701,0,0,0
0.0129358,0.0294239,0,0,0,0.0243167,0.0627188,0,0,0.00884847,0.0110936,0,0,0,0.0214242,0.0115954,0,0.015772,0.00250821,0.0251841,0.158073,0,0,0.101401,0.0580897,0,0,0.00551293,0.00666823,0.00280171,0.00308535,0,0.000999658,0.0103576,0.0151617,0.00663079,0.0859568,0.160939,0.336959,0.0233211,0.088978,0.0203023,0.0137151,0.00424758,0.00216909,0.00232639,0.00253317,0.00192413,0.00300367,0,0,0.0105045,0.266959,1,0.314898,0.172949,0.0827193,0.0213818,0.0280658,0.0131361,0,0.00651462,0,0.011551,0.00252114,0.00388621,0,0.0249797,0.196834,0.124177,0.153994,0.116311,0.0254889,0.0277227,0.0299786,0.00172881,0.0053406,0.00206885,0.0104777,0,0.00341879,0.00424052,0.00212744,0.0152202,0.010909,0.0158837,0.030654,0.00512761,0.0152037,0.00184892,0.026217,0.0022224,0.00669198,0.000196565,0,0.000788384,0,0.00660119,0.00667302,0.00492157,0.00427233,0,0.00208489,0.0022258,0.00346354,0.00244668,0.00161237,0.00744683,0,0.00310962,0.00746801,0,0,0,0,0.00218566,0,0,0.00223377,0.0012774,0.0116893,0.00202989,0.00207877,0,0,0.000802039,0.00129296,0,0.0120585,0.00232395,0.00523322,0.00300796,0.00494035,0.00555679,0.0105855,0,0.0057679,0.00466537,0.00754723,0.00709973,0.00109501,0.00544578,0.00189785,0,0,0,0,0.00456747,0,0,0,0,0,0,0,0,0.00154758,0,0,0
0.0112566,0.022227,0,0,0,0.00518836,0.0379614,0,0,0.00702942,0.00718744,0,0,0,0.0315756,0,0,0,0.00398893,0.00771716,0.0205805,0,0,0.0121953,0.0182237,0,0,0.00330258,0.00164774,0.00627892,0.00869758,0,0,0.000795245,0.00335838,0.0130943,0.0131634,0.0273834,0.00132659,0.0264111,0,0.00494082,0,0.00518992,0.00362541,0.00408842,0.00563571,0,0.0161935,0.0072787,0.0141072,0.0399568,0.0180831,0.0897816,0.183529,0.233305,0.0638541,0.0172659,0.00415069,0.00979786,0.0173127,0.0128853,0.0153606,0.0140031,0.0164223,0.0255434,0.0278177,0.0184184,0.104573,0.184245,0.380603,0.695097,0.416851,0.292187,0.00834749,0.000637864,0.0176644,0.00879758,0.00934406,0.0277186,0.0495739,0,0.0205983,0.034832,0.311806,0.408021,0.941088,1,0.857507,0.421576,0.0599484,0.0406345,0.0386359,0.00625722,0.0273138,0.0169205,0.0130912,0.0142146,0.0177527,0.0173337,0.211853,0.455512,0.293913,0.295692,0.594625,0.287186,0.0924174,0.0351399,0,0.00685732,0.00066029,0.019781,0,0.00412792,0.0104559,0.00468064,0.125247,0.187201,0.0512355,0.0902296,0.185149,0.124025,0.0215319,0.0261957,0.00949847,0.0292735,0.00586501,0.00116881,0.0218327,0.0263274,0.0579695,0.069598,0.211703,0.397754,0.388701,0.386056,0.359991,0.146455,0.158871,0.0581225,0.0437356,0.00632957,0.0325842,0.0136791,0.0192232,0,0,0.127552,0,0,0,0.160778,0,0,0,0,0.0434691,0,0,0
0.00515565,0.00218334,0,0,0,0.00356584,0.0098317,0,0,0.00355565,0.00186359,0,0,0,0.00186273,0.00800099,0,0.00349181,0.00551879,0.00140008,0.0073814,0,0,0.00745603,0.00204427,0,0,0.00712771,0,0.00299614,0.01016,0,0.00139893,0.00494185,0.00082114,0,0.00240353,0.0199041,0,0.00247932,0.00486355,0.0175466,0.00186441,0.00750005,0.00324069,0.00576806,0.00339086,0.00392181,0.00310297,0.00896736,0.00987651,0.00429149,0.00680729,0.00526842,0.00264187,0.00860959,0.00294779,0.021073,0.00539862,0.0020759,0.00567994,0.0026755,0.00720615,0.0103876,0,0.000374993,0.0022614,0.00201074,0.0107125,0.00482297,0.0067496,0.0064402,0.0045243,0.00483603,0.00625762,0.00162631,0.00953946,0.00399573,0,0,0.00139756,0.00410102,0.00826373,0.025137,0.028401,0.0627263,0.0609272,0.0227594,0.0162384,0.00989012,0.0204087,0.00384027,0.0109801,0.00695938,0.013202,0.00314726,0.00747001,0.00871381,0.0112809,0.0162809,0.400256,1,0.518086,0.3134,0.0279784,0.0142199,0.0237469,0.0160434,0.0112299,0.00691367,0.00840281,0.00449626,0,0.0108176,0.00822135,0.00828329,0.277709,0.535038,0.369989,0.133874,0.146975,0.0232771,0.00688793,0.00391733,0.00136843,0.00047588,0.00025263,0.00812926,0.018649,0.0126593,0.0239646,0.0575701,0.342736,0.512702,0.521243,0.300244,0.283828,0.0900777,0.022301,0.0138691,0.0128511,0.0101381,0.0097666,0.00309204,0.0129875,0,0,0.028318,0,0,0,0.121103,0,0,0,0,0.0195093,0,0,0
0.00291814,0.00784853,0,0,0,0.0112436,0.00703495,0,0,0.0154663,0.020557,0,0,0,0.0111226,0.0150319,0,0.00727352,0.000527653,0.00242518,0.0148876,0,0,0.0106793,0.0216909,0,0,0.0130663,0.0048613,0.00321362,0.00477675,0,0.0182194,0.00589507,0,0,0.00207244,0.0157583,0.00573676,0.0885911,0.0353976,0.0318427,0.0077484,0.00425015,0.00790244,0.00582404,0.00405408,0.0169401,0.0120732,0.00703936,0.00815629,0.0054116,0,0.010342,0.190315,0.260579,0.219444,0.225036,0.00639957,0.0156775,0.00519027,0.0183104,0.00632875,0.00298144,0,0.00954319,0,0.00619877,0.0069299,0.0233308,0.300583,0.517122,0.454317,0.630313,0.101452,0.0311723,0.00904338,0.00958032,0,0.00449764,0.0132109,0.00907151,0.0150501,0,0.0200348,0.0119019,0.406291,0.474101,1,0.317431,0.153402,0.022365,0.035232,0.0129611,0.0145321,0.0224235,0.00567952,0.0143417,0.00659241,0.00622712,0.019909,0.058021,0.219725,0.251953,0.183771,0.314921,0.0843219,0.017559,0.00769121,0.0137719,0.00469226,0,0,0.00251445,0.0350905,0.00105064,0.00443126,0.0106574,0.0912219,0.146678,0.198626,0.0885911,0.016739,0.00202929,0.0109447,0,0.012781,0.00863092,0.0121088,0.00479598,0.00343478,0.0127139,0.0044844,0.031797,0.0526118,0.0800978,0.0561101,0.0697563,0.0359257,0.0549386,0.00431891,0.00993908,0.0136753,0.00620553,0.0143153,0,0,0.0072548,0,0,0,0.047098,0,0,0,0,0.0191232,0,0,0
0,0,0,0,0,0.00919723,0,0,0,0,0,0,0,0,0.00555858,0.0203,0,0,0,0,0,0,0,0.00716113,0.0733994,0,0,0.0134896,0,0,0,0,0,0.00439344,0,0,0,0,0,0.00967892,0.00857099,0.00892769,0,0.0123743,0.016219,0.0110023,0,0,0,0.0167987,0.00660467,0,0,0,0,0.00458502,0.0144156,0.00776453,0,0.00986891,0,0.0303395,0,0.0126907,0,0.00397827,0,0.0105213,0,0,0,0.00890323,0,0.0242948,0.0150127,0.0153287,0.0401502,0,0.0103109,0.00451828,0.0210479,0,0.00528217,0.037772,0.0248807,0,0.0199724,0.011454,0.0494021,0.00848207,0.286723,0.373655,0.340742,0.0172542,0,0.0304803,0,0.0172672,0.00640473,0.00658617,0.0211994,0,0.0371439,0.0517005,0.016379,0.583016,0.0970386,0.13966,0.161859,0.249843,0.0248734,0.00778628,0,0,0.0114506,0,0.0246085,0,0,0.0265334,0.119517,0.249941,0.0505298,0.115473,0.0745207,0.181335,0.161269,0.0533548,0.0107591,0.0269175,0.012546,0,0.0140387,0.0376282,0.0358636,0.137782,0.276126,0.316469,0.0595983,0.212266,0.142482,0.151,0.541377,0.30954,0.808842,0,0,0.404194,0,0,0,1,0,0,0,0,0.480725,0,0,0
0.00147243,0.000650151,0,0,0,0.0114794,0.0151503,0,0,0.0122989,0.0207229,0,0,0,0.00595734,0.0126028,0,0.00200472,0.0068136,0.00422837,0.0102986,0,0,0.0144482,0.0192281,0,0,0.0266027,0.014732,0.00837318,0.00539932,0,0.00463255,0.0101204,0.013678,0.0314297,0.00197887,0.00442934,0.00728285,0.0101093,0.0257054,0.109273,0.0331372,0.0309107,0.0102212,0.00186619,0,0.00452973,0.0120479,0.00474864,0.0045411,0.0083914,0.00304148,0.0126058,0.0104715,0.0143356,0.145854,0.204026,0.21354,0.10647,0.0172717,0.00506812,0.0076868,0,0.0021324,0.00335815,0.00779032,0.015187,0.0110468,0.00838359,0.00810406,0.0370165,0.211239,0.152519,0.161581,0.164772,0.045883,0.00539701,0.0106415,0.00476251,0.015373,0.00862002,0.00927308,0.00907261,0.00885757,0.011299,0.0260251,0.0748303,0.231109,0.319203,1,0.297319,0.114131,0.00802679,0.0106645,0.00373254,0.00841999,0.0180583,0.0140134,0.00697917,0.00821004,0.0376992,0.00657609,0.0538377,0.274921,0.113761,0.333715,0.271655,0.0776447,0.0131347,0.0157176,0.00992157,0,0.00194839,0.0136498,0.00873516,0.00887427,0.00611164,0.00387138,0.0179431,0.182261,0.164237,0.175988,0.260025,0.0259984,0.00017963,0.00638252,0.00236312,0.0147911,0.009464,0.00369774,0.0134718,0.00340179,0.0156049,0.0224138,0.018671,0.0331304,0.0521086,0.0667503,0.0501229,0.0188907,0.00572865,0.0348857,0.00249781,0.0129679,0,0,0.0172311,0,0,0,0.0250542,0,0,0,0,0.0243228,0,0,0
0.00321049,0.0121839,0,0,0,0.0125313,0.0127252,0,0,0.00674329,0.00815311,0,0,0,0.0154736,0.00457837,0,0.0110641,0.00544633,0.00619375,0.0204219,0,0,0.0118809,0.00225844,0,0,0.0107909,0.0126862,0.0104492,0.00341092,0,0.00382053,0.0103261,0.00358806,0.0131153,0.00787643,0.00263695,0.00438867,0.00878205,0.0100629,0.0234443,0.0254139,0.0171932,0.00873573,0.0151084,0.00153608,0.00823611,0.0163762,0.0109598,0.00935048,0.012094,0.00824173,0.0103464,0.0173132,0.0336033,0.0414816,0.0480322,0.0265741,0.0247803,0.0257406,0.0159105,0.0159732,0.0182316,0.00806934,0.0150897,0.0181515,0.00784242,0.0275014,0.0260314,0.169363,0.303162,0.284306,0.275874,0.131711,0.048362,0.026641,0.0246747,0.0216396,0.0127502,0.023305,0.022136,0.0242628,0.0231904,0.10193,0.169195,0.690566,0.60342,0.899269,0.451375,0.368175,0.138371,0.0730212,0.0247621,0.0358972,0.0180401,0.0234497,0.0255895,0.0198551,0.0247295,0.0443946,0.136192,0.583616,0.799244,1,0.452494,0.359561,0.233723,0.0729833,0.0335533,0.0257473,0.0142473,0,0.0182793,0.0121222,0.0111101,0.0258771,0.0553613,0.293092,0.229133,0.496982,0.191604,0.159312,0.195493,0.094599,0.0419274,0.0133439,0.0201662,0.0361006,0.0183508,0.021285,0.0382189,0.0932881,0.270979,0.579408,0.477071,0.538376,0.423603,0.417916,0.368679,0.204523,0.16043,0.0377251,0.0143695,0.152949,0,0,0.245608,0,0,0,0.605859,0,0,0,0,0.358085,0,0,0
0.0153464,0.0743382,0,0,0,0.00931965,0,0,0,0,0.0345222,0,0,0,0.0133585,0,0,0.0162528,0,0.0119465,0.0102589,0,0,0,0.00825121,0,0,0,0,0.00605066,0.00486383,0,0,0.0192582,0.00645113,0.0246696,0.0182192,0.0391451,0,0.00943608,0,0.00066007,0.00900021,0,0,0.0066913,0.00575279,0.00497174,0.00936811,0.00664325,0.00539346,0.0206446,0,0.00285211,0.011744,0.0260134,0.00629692,0.00642249,0.00958049,0.0137641,0.0143074,0,0.0327186,0.0285501,0.00239878,0.0489546,0.023838,0.0110986,0.0995344,0.163712,0.596659,0.557045,0.03756,0.11747,0.0391755,0.0506109,0.010291,0.0409079,0.0201414,0.0134761,0.0670222,0.0401234,0.0457876,0.0995575,0.792321,0.584015,1,0.93917,0.826495,0.159086,0.0785928,0.00611069,0.00760912,0.00798636,0.076202,0.0680526,0.019214,0.0558298,0.0463692,0.349769,0.374979,0.636239,0.234714,0.549766,0.704493,0.336604,0.049871,0.0277302,0.0174794,0.0292236,0.0287591,0.00262768,0,0.0524475,0.0629959,0.227187,0.25598,0.321223,0.404503,0.0839806,0.523713,0.173303,0.0432904,0.0266849,0.0212887,0.0336629,0.00794089,0.0215966,0.00978208,0.0942029,0.264804,0.474433,0.581586,0.583482,0.679186,0.715968,0.679824,0.361446,0.256953,0.0428009,0.0872213,0.0134237,0.0160986,0.0181384,0.416216,0,0,0.578862,0,0,0,0.572436,0,0,0,0,0.376829,0,0,0
0.0143569,0.0165523,0,0,0,0.00907629,0.00352377,0,0,0.00114109,0.0545295,0,0,0,0.0750581,0.190151,0,0.00896287,0.00667357,0.0133149,0,0,0,0,0,0,0,0.0079026,0.0273275,0.203451,0.144872,0,0.184221,0.0239706,0,0.00217488,0.00246464,0,0,0.00283417,0.00773374,0.00582374,0.0141239,0.0211057,0.168161,0.0296618,0.0898759,0.150914,1,0.359042,0.0126578,0.00572037,0.00700091,0,0.00127179,0.0106845,0.00757196,0.0211376,0.00421839,0.0292045,0.151344,0.218656,0.0824051,0.380598,0.381775,0.072319,0.0197233,0.007199,0,0.00465741,0.00327954,0.0153774,0.000478443,0.00272259,0.00462834,0.00554411,0.0293258,0.21873,0.308554,0.363689,0.0208349,0.0160217,0.00805557,0.005836,0.00220946,0.00130621,0.00937515,0.00191834,0.00241658,0.00268649,0.00355302,0.00769663,0.0102524,0.027573,0.0299162,0.0131963,0.00154407,0,0.00399805,0.00246258,0.0117796,0.00400841,0.00781051,0.0175369,0,0.00194172,0,0.00448166,0.00644771,0.00180208,0.00317367,0.0188558,0,0.0040338,0.00716923,0,0,0,0.00340553,0.00264007,0.000414697,0.003857,0,0.00406972,0,0.00748868,0.00297435,0,0.00999986,0.0142493,0,0.00157726,0,0.00265094,0,0.00927074,0.00545841,0.00652154,0.00432872,0.00649162,0,0.0047216,0.00158666,0.00338174,0.00297447,0,0,0.00202629,0,0,0,0.0106374,0,0,0,0,0.0131102,0,0,0
0.00114688,0.00243285,0,0,0,0.00128811,0.00286002,0,0,0.00263432,0,0,0,0,0.00116873,0.0042478,0,0.00354501,0,0.00175015,0,0,0,0.00152798,0.00887478,0,0,0.00189932,0.0017015,0.00202182,0.00329948,0,8.62677e-05,0,0,0,0.0024321,0,0.000325715,0.00472234,0.0025746,0.00275176,0.00230706,0,0.00461185,0.00219082,0.00237906,0.00288402,0.00249688,0.005724,0.0020069,0.00554625,0.00512617,0.00433808,0.0126534,0.00541923,0.00551132,0.0158014,0.00406083,0,0.00474012,0.0015805,0.00297099,0.00352122,0.00314323,0.00333423,0.000138235,0.00820682,0.0463274,0.0223702,0.0865704,0.034965,0.00959541,0.00352845,0.00760545,0.00291512,0.00371432,0.00124885,0.000121511,0.00212318,0.00455403,0.0028177,0.0288574,0.0940063,0.245284,0.256784,0.173853,0.106455,0.00952377,0.00283857,0.00599451,0.00125356,0.00264182,0.00175391,0.0039482,0.000825311,0.00436293,0.00798691,0.0319034,0.161044,1,0.540809,0.120961,0.0908205,0.0198951,0.00475466,0.00282806,0.00773354,0.00145185,0.00324495,0.00129859,0.00134174,0,0.00279584,0.00551636,0.0221194,0.233742,0.0815208,0.0753778,0.0636332,0.00757597,0.0110359,0.00384951,0.00618116,0.000420673,0.00337677,0.0047063,0.00176499,0.00323007,0.00447258,0.0152632,0.0267463,0.0999992,0.0771498,0.0760969,0.0724605,0.0264885,0.00757948,0.00619419,0.00461544,0.00596679,0.00490569,0.00393153,0.00148193,0.00626351,0,0,0.0189534,0,0,0,0.0148774,0,0,0,0,0.01295,0,0,0
